oo7LCUqrFcjU84NWNYvpgA4JJF2hFeX9g4rPX8qk9yiGNAHhZpe,0xd43e20f609d1f5a2507585a0191f2721a9c9152a,2/10/2021,12,180.57,FALSE,-180.57,0,spot
oobii7iMALfEG6VGBrJHxdKpcf2YzhtMnmzVs4KNXLHpXVR4Kbj,0xd43e20f609d1f5a2507585a0191f2721a9c9152a,4/11/2021,12,1037.44,TRUE,1233.64,196,margin
onnKvHFt9UK7xzsM17hnp6GEiPCgWgtKWaSorC19Z5eFYVYGfWS,0xd43e20f609d1f5a2507585a0191f2721a9c9152a,7/22/2021,10,978.69,FALSE,-978.69,0,spot
op56Wyv4Gw82yJ1hJTKmj9AtrUh8kKNdJYkTd8LZi2PxJsFdJuQ,0xd43e20f609d1f5a2507585a0191f2721a9c9152a,2/2/2021,14,1359.53,TRUE,4403.16,3043.63,spot
opV1YBYFUQ54f3U9L4zNgYHfT5UxqhEebstwEKPz5hgRXLgTPPW,0x0d01276f47bba3f22f9e487e79dab21d3e42ad9f,1/18/2021,12,1020.43,TRUE,3847.59,2827.16,margin
ooNeRshg6FD9jyjPivCBmYAFQoj2jkWPb1wqc7xwuvzQVeqaZ6w,0x0d01276f47bba3f22f9e487e79dab21d3e42ad9f,11/17/2021,19,987.85,FALSE,-987.85,0,spot
oocyVQ1aXke6hQTXML9LEHdBzYy92aZRchwRPKqAUqCmHecLa25,0x0d01276f47bba3f22f9e487e79dab21d3e42ad9f,6/1/2021,10,1451.63,TRUE,5022.13,3570.5,leverage
oo3MjJYhN1Zx2wE8kuyjGvEkhy6gS9N3ocd969Juah3Zt4z7wb8,0x0d01276f47bba3f22f9e487e79dab21d3e42ad9f,7/21/2020,16,1015.64,TRUE,1697.89,682.25,spot
op5f8fxS6aqP7m5EcPAdJEfh5tnrrPkarVYtdjd8DsnCzRWK7FX,0x5f4656e48fe1dc0b37abd5e8a0e3288263206637,1/30/2022,10,1031.59,FALSE,-1031.59,0,margin
ooXcW7KSLWwbxbH3xHZy61XmKckK53pHfXBtUDKnzUcjpgej2bL,0x5f4656e48fe1dc0b37abd5e8a0e3288263206637,10/4/2020,14,457.21,FALSE,-457.21,0,leverage
ooss7qF7HmQbgFgqjsEpCQDiGL51P4bgFE2mJ7WesvNwJUhM9xx,0x5f4656e48fe1dc0b37abd5e8a0e3288263206637,7/11/2020,14,518.14,TRUE,4901.83,4383.69,spot
onsuBBth4f23kFky34KaghCdwwCcbzmScxR2iH8obpKQYdkpLo5,0x5f4656e48fe1dc0b37abd5e8a0e3288263206637,12/21/2020,11,1665.56,FALSE,-1665.56,0,spot
ooB3RgEDhZJHDq1t7GsdqVvu8rXZ6iHWroHJ8KJUmLPwwvbHxc1,0xaa8a177af01fbb2dddf5a4fd7d6043cf397b3156,7/17/2021,16,962.32,FALSE,-962.32,0,spot
ooZ5phjaCXb17Muu3PfQtXnSsQoHxaGJNUXohYKkCRRLXoXMbVb,0xaa8a177af01fbb2dddf5a4fd7d6043cf397b3156,7/2/2020,15,1091.82,TRUE,5924.35,4832.53,spot
opJ5aKvkhVbEGWFATYKUVC5YuucgX9piW2Mo7Rso8v9W8LgRWbL,0xaa8a177af01fbb2dddf5a4fd7d6043cf397b3156,2/18/2021,6,1258.91,FALSE,-1258.91,0,spot
opC2JXYCdS515cZ9cvQdRdUcNmoeVAnXes8v2dK3dr9D2MxkQ5e,0xaa8a177af01fbb2dddf5a4fd7d6043cf397b3156,12/31/2021,11,750.17,FALSE,-750.17,0,spot
opYnjsQ5KbTELw7xyKFmjsqXBqrdYJtzmBvEyyuPCPJs3yaTQoT,0xf14caa1cb3b3ddb6b3f8bac3e35175463cdaca20,10/31/2020,12,1150.45,TRUE,3529.35,2378.9,spot
oon14joCxLfh3PZmVLWF5J9mPcj62XL7SbxebBxoxC7H6Tt6ubb,0xf14caa1cb3b3ddb6b3f8bac3e35175463cdaca20,1/31/2022,14,1620.79,FALSE,-1620.79,0,margin
oocpUoSKBfRrG6Er1XjyCr59Kw9dsVAo8rsWrBEp4T7vy89za24,0xf14caa1cb3b3ddb6b3f8bac3e35175463cdaca20,12/1/2021,17,1662.29,FALSE,-1662.29,0,spot
ooaDx5XpigREDsZJT1tgsVd7jXio19kqxtvfN7ZfExhgjrP1B5A,0xf14caa1cb3b3ddb6b3f8bac3e35175463cdaca20,1/16/2022,17,953.96,FALSE,-953.96,0,leverage
oonZFjnVZ9vAMPhU3mKxpwLW2F1Y2pW2ETh1yYPVomCUBHvP6M4,0x612563290e2ee6e041b63d6932a4a389dea96f89,10/1/2021,5,871.68,FALSE,-871.68,0,spot
ooHcWrdo1BHVVw15FgArySPZJXqbqTHdffT3avxRPhkdPYhbMoq,0x612563290e2ee6e041b63d6932a4a389dea96f89,12/24/2020,15,1056.69,TRUE,2738.47,1681.78,leverage
opRtCNoTFZSyEXa1tzMwhfPPQBV6fwGjFo4bm9LnotsB35LSSze,0x612563290e2ee6e041b63d6932a4a389dea96f89,10/6/2020,13,1196.38,TRUE,5938.21,4741.83,margin
op6CvtZuKMXaNM8VYZE9oYDeLq4TkndxhBuxNLwSeF3jhixKYYe,0x612563290e2ee6e041b63d6932a4a389dea96f89,1/13/2021,2,223.74,TRUE,1778.07,1554.33,spot
ootMLdSo1tLaLfxjJCavoVF8hdJhg5X2uVm1zHZDXe1KVv6dTqP,0x06628d42be739f339ba20b5f89f5bae9975cdf92,4/25/2021,14,853.1,TRUE,2855.43,2002.33,leverage
opWrmoMiQcyUnKCGfRcrK2hoRbJxF1bZfU4NtLk53psBMNepaE3,0x06628d42be739f339ba20b5f89f5bae9975cdf92,11/9/2021,11,137.16,FALSE,-137.16,0,spot
ooEfX9dhSdrUFYi5bBWbQ2GyNaL3kAoGtca1gGe3xYjmzLj7Dix,0x06628d42be739f339ba20b5f89f5bae9975cdf92,4/20/2021,10,697.97,TRUE,2223.21,1525.24,spot
opNSFZbWHkCdkKcG2HNoowA72iqAJif5mw9hrCqi6ZDusYVazwN,0x06628d42be739f339ba20b5f89f5bae9975cdf92,5/21/2021,17,141.85,FALSE,-141.85,0,margin
oovhuN7EPsovLE5VrJX8tPyv7Qogf95YwecGr9Lm3WjSvRoQogd,0x8878e74f2c97d5d42166d6433d7b6020e4caa06e,8/23/2020,15,1227.46,FALSE,-1227.46,0,spot
opMasBtLwTqd4MhgSvGZy6HkSeXxehVxQpDVPrHuDsvTDJTrFTp,0x8878e74f2c97d5d42166d6433d7b6020e4caa06e,10/30/2021,5,986.73,FALSE,-986.73,0,margin
ooWLwp6x1j7Eb6q3LyoYzXLCgNT8C84bkEuzBrpRw4Yq2GNTD1f,0x8878e74f2c97d5d42166d6433d7b6020e4caa06e,10/13/2021,18,749.2,FALSE,-749.2,0,leverage
oo1nfMVH11amNMzVv5FnSLMNimXckM54vBBe8MBmciVxR8mE3Fn,0x8878e74f2c97d5d42166d6433d7b6020e4caa06e,10/31/2021,17,1083.75,TRUE,1259.8,176.05,spot
ooYCkJDXV3yH735qfjrNE17Bqz437qqS7QQ75BAmBHvTPfRXb4R,0x6fc7b3d8f2c960074a296085084a40f0f9cf627c,10/5/2020,12,736.07,FALSE,-736.07,0,spot
op9UQyVsQx8ymawXbwFMogFug1LmykosrMqWPnUGSrB6QkuwpVZ,0x6fc7b3d8f2c960074a296085084a40f0f9cf627c,5/24/2021,6,795.81,FALSE,-795.81,0,leverage
opEvBRSeEgBHydBZFTiEq8B52pNfZAQdhbQEMQ5wMgoXDd7RRFp,0x6fc7b3d8f2c960074a296085084a40f0f9cf627c,12/29/2021,15,176.75,FALSE,-176.75,0,spot
opT5QxUHyA2ehmm2oZsJ8tnMykJanv5moH4AUx7tZvuzXucoTf3,0x6fc7b3d8f2c960074a296085084a40f0f9cf627c,7/27/2021,19,1329.16,TRUE,2842.44,1513.28,spot
ooq29H38C1MQoYjh2aerhvdKU6fRMuLGXJQtNtGptjYoLEYA57m,0xd4266a529b18a64658c226835f28241ebe6d4277,11/16/2021,10,1415.32,TRUE,3554.95,2139.63,spot
oo3uexibYpKpTgbLZgtTEZHNcNLPbwqqSt9jGXnNTLv1cypVZWP,0xd4266a529b18a64658c226835f28241ebe6d4277,1/6/2021,7,975.1,FALSE,-975.1,0,spot
oo9xb7dPSojMRtRy83QeVcNpzcLkvfYh5DMAAY6ijYqw32uqveb,0xd4266a529b18a64658c226835f28241ebe6d4277,4/19/2021,14,1245.14,FALSE,1245.14,0,spot
ooGTQrgR2SUntf7b8TkE8bp8qsFozKytyM5xfpVRLC91ppbxWge,0xd4266a529b18a64658c226835f28241ebe6d4277,3/25/2021,12,997.47,FALSE,1245.14,0,spot
ongtLkATN3nxmyVkJcYwdSwDqZ5xuT7eSXR52dFdjgcGsEmR54j,0xab82c2d4c84337fcca8e9418080ed3c2d53a8cf7,7/1/2021,10,101.91,TRUE,1242.43,1140.52,spot
opGViqhV9JS1UNLNCF25UBJYs15icZiFLsjjGaZEc7gknFJbZJB,0xab82c2d4c84337fcca8e9418080ed3c2d53a8cf7,6/30/2020,19,1084.91,TRUE,1635.44,550.53,margin
oneUpHNefv8PMCRk6bRTN4b8btvujabgyG5a2NjqM9FNduNqCFR,0xab82c2d4c84337fcca8e9418080ed3c2d53a8cf7,10/13/2020,10,1166.83,TRUE,6981.49,5814.66,spot
opHqxD5n1ZStbPD2nmZGZ9dobmjQPMfHsFCSJnGQWnPPQhCJ2hQ,0xab82c2d4c84337fcca8e9418080ed3c2d53a8cf7,6/5/2021,11,296.36,FALSE,-296.36,0,leverage
oo39xhqb1L2FTFBvUGyRDu6xULnK8EiDmNmBMiR9h7vesk6QPd4,0x056368b96b9d1538ad999ac442d66738c8bf6756,2/12/2021,17,942.47,TRUE,2476.59,1534.12,spot
onv2gxoPoFcnT6dyi299LQEM1fbrxRYY3BKdTSEWVZPbm72nHh8,0x056368b96b9d1538ad999ac442d66738c8bf6756,1/9/2022,9,1136.9,TRUE,2381.41,1244.51,leverage
ooEtN1HHaaV4wri6m1VrqMh8agPmbcm26KMfiHtdazgV7UxcsrV,0x056368b96b9d1538ad999ac442d66738c8bf6756,7/1/2020,10,1565.04,TRUE,5908.76,4343.72,margin
ooNyvgbgXPHmhJYHAG7uqfPr2WtTvkynJK9zjSyDK72D82bptn7,0x056368b96b9d1538ad999ac442d66738c8bf6756,12/13/2020,18,171.58,TRUE,844.82,673.24,leverage
ooVZUX6kXt4ddsDRErQwgi16Fhe3oLmm9DY7NN681EgfRuwZzwm,0x9eb7f9fb5d2c55d6353d37277183e423d0734607,5/3/2021,10,446.5,FALSE,-446.5,0,margin
oo291qdPiwueNEg7QiyShXqfizfnxDKTPRpmzzDjg3kUn9HMtGg,0x9eb7f9fb5d2c55d6353d37277183e423d0734607,6/25/2020,16,841.65,TRUE,2509.85,1668.2,spot
opWs4dNyvt277h1XXZH7ah4NdXYLa965gQUN2H54JX6SCf31yCY,0x9eb7f9fb5d2c55d6353d37277183e423d0734607,4/26/2021,19,1093.03,TRUE,3998.45,2905.42,spot
oogZHY2iYe6obCvDf8c553uy1zeqkCfryUzmV3K2zJEN32zqmgH,0x9eb7f9fb5d2c55d6353d37277183e423d0734607,2/26/2021,8,1205.41,FALSE,-1205.41,0,spot
ooNnLPXbhtpKKbgSogpZf62sbVqgLTwaXPXwZbkX38ZY1xPzZRH,x8992316a737693b746355843c87822bf3552b02b,1/16/2022,17,723.51,TRUE,4000.19,3276.68,spot
op5p8kAcsruQ79wCn5zSsGrFHRkLddxuZzwoNvhCGgs7qDFJU7n,x8992316a737693b746355843c87822bf3552b02b,8/18/2021,11,1560,TRUE,5366.95,3806.95,spot
opTYUGpAgVwT3VRHQpiFiWUsGL6cQaLFdCVxEnipxZKH6imL4tv,x8992316a737693b746355843c87822bf3552b02b,1/12/2022,10,1384.94,TRUE,2968.4,1583.46,leverage
onqm7fZqWe9gZN5U75wqykRK5AcCa5wjbHiJ8V1w7MYUJ7gtd65,x8992316a737693b746355843c87822bf3552b02b,7/8/2021,19,335.97,TRUE,3153.28,2817.31,spot
oomGP3j9V3BxwFvb87SNcspWjuaCiTN87gKVNYMJ1shm7MTNJn6,0x574ff1245e6e8d396b473a687a13c32fdcda5dab,11/16/2021,19,1404.56,TRUE,3012.33,1607.77,leverage
op68tmq7tYEkYJwqsu9GQTmypjTeGR4RLAj7zaMUUh5T7QpUpUq,0x574ff1245e6e8d396b473a687a13c32fdcda5dab,9/1/2020,11,345.76,FALSE,-345.76,0,margin
ooGxBzsyVbodGGTUtNCmJUyogyb2PpiXvBNWcd4bS281PMVcaUb,0x574ff1245e6e8d396b473a687a13c32fdcda5dab,12/17/2020,2,303.33,TRUE,2028.58,1725.25,spot
op2dZy8koa3Gus4jxWjd1gasbNs5NXDGigMwkW7LFLocwkuw6sP,0x574ff1245e6e8d396b473a687a13c32fdcda5dab,9/29/2021,18,312.01,TRUE,3633.09,3321.08,spot
opRwKcRmfcq8zqzkuCFVGk3m3axGbspQ57xCi8qAc3RtLzrhaun,0x5f0f26bf82c7fe765f28488de604265847760159,9/29/2021,11,1050.08,FALSE,-1050.08,0,leverage
op6oFbsycwu6reQeCB7FroAM6S4XaChYMTVuBJX6uCm3DadSo6v,0x5f0f26bf82c7fe765f28488de604265847760159,7/10/2020,13,190.22,FALSE,-190.22,0,spot
onqxMLsCN1NMZXuTBQ1GbJFM8M8TFmDJaA3cCxGoJjWd6QMQCLH,0x5f0f26bf82c7fe765f28488de604265847760159,12/11/2021,17,898.55,FALSE,-898.55,0,leverage
onm9ZhVpJ32iiqs1YzKbXqdUoCP8A3EtBsfXfdkDv6WdftKZAsw,0x5f0f26bf82c7fe765f28488de604265847760159,7/31/2020,16,565.96,TRUE,4827.4,4261.44,leverage
oobUD4u6b4u2458K2UiN47vFAc4yqm48JDwo1WjmMUv2gEwf6rG,0x8e4d550242a1b593b8344b2242ba115391550509,11/21/2020,4,218.63,FALSE,-218.63,0,margin
onzNUPUrgGmj8PLdj4zDzFPwJFfxxdBjKPiAb9ftZ4XpwcUjzKR,0x8e4d550242a1b593b8344b2242ba115391550509,3/5/2021,10,1485.89,TRUE,2344.76,858.87,spot
oo6a7f3CqQUeisSBiMrEjdYs5owfBbjXa1dngsRf8KzbzwjcyLk,0x8e4d550242a1b593b8344b2242ba115391550509,12/31/2020,10,1194.99,FALSE,-1194.99,0,leverage
op2dubhAwhx8v38mRDMkvMno4G2FHMQUN81qnAEdZASXYCPWoF8,0x8e4d550242a1b593b8344b2242ba115391550509,7/14/2021,19,222.51,FALSE,-222.51,0,margin
ooPdbMAbkmAmTM6xKWyXnuMzy29MGUdaJMPHK1Rb4b8kLSGDegt,0xbcfe5f406d08638910f2551a45c3868da42b72e6,12/7/2021,19,312.85,TRUE,6423.21,6110.36,leverage
onmL1uafb4Xn3YtbQ8Sf2NxDaLmQb4zQxazRkXHCnrwRtGhexab,0xbcfe5f406d08638910f2551a45c3868da42b72e6,1/16/2021,14,528.21,FALSE,-528.21,0,spot
ooywio6pBQn8iWFkB4s7qzSjT3G97m19J8jrQPaNoRP9aUmEeFi,0xbcfe5f406d08638910f2551a45c3868da42b72e6,9/6/2021,19,643.89,TRUE,2310.63,1666.74,leverage
opC1KST4vDkAXSjVK3vov7C9WddQcWPm5a17MZbQTeWX69XbBMc,0xbcfe5f406d08638910f2551a45c3868da42b72e6,6/29/2021,1,128.6,FALSE,-128.6,0,spot
opKXGPk1N58Ldpp1SEey6XRyJEfWsh23FzZB8muvQcJguA5byvi,0x7dcff00a6bf5aa0bfeef848377a8816ad90c4309,1/26/2022,18,1569.45,FALSE,-1569.45,0,leverage
oonDh9LgU95hTA3J9DJAaUxGwAkwxoK37ZwKhyN7S9XF6UJABXC,0x7dcff00a6bf5aa0bfeef848377a8816ad90c4309,9/2/2020,19,157.87,TRUE,652.18,494.31,spot
oonUQxmdgVp93h44nTQPYqeU22ye3d3LkJci1uZa5gs8QHd83Lh,0x7dcff00a6bf5aa0bfeef848377a8816ad90c4309,8/11/2021,16,926.41,FALSE,-926.41,0,spot
opY6Gn126G63eRPJxdwA5r7xquFrFjYWeME5rLQipLctrGJ5jtw,0x7dcff00a6bf5aa0bfeef848377a8816ad90c4309,12/3/2020,1,345.45,TRUE,4277.97,3932.52,spot
onyRZnk8fs7zpSjFkQBaN1rJVLTykkBsYiGFQoXwmvrYLdsM1uE,0x44fbfafc611d32fab8f24872c6924ea52c15ea31,2/11/2022,10,1321.23,FALSE,-1321.23,0,margin
opEkB7U9WjMjXjH5g9cPgWjahH3iX3vaHwwvd6QZZS4Z7so3JQX,0x44fbfafc611d32fab8f24872c6924ea52c15ea31,8/20/2021,18,1129.06,TRUE,2306.79,1177.73,spot
ooQrYCujmeK8qL6erQNsaamtZ8aHnLYyo9NY8qshdMQheSNKDFu,0x44fbfafc611d32fab8f24872c6924ea52c15ea31,1/16/2021,8,1271.58,TRUE,5503.3,4231.72,leverage
ooGpTKafFqtZ3GXumAUwiAdwWoe3VvFUzvjM4jHwoXaUkziaZzK,0x44fbfafc611d32fab8f24872c6924ea52c15ea31,2/19/2022,19,538.48,TRUE,3930.91,3392.43,spot
ongiay2R7Qxn5Jj1KaLFuWcXmHeQpQUJE4vhNhwf53CrKQAtT9i,0xd44cd2d60773534d799c1952c0e3c659d8846335,4/29/2021,11,308.93,TRUE,1808.77,1499.84,spot
ooL7sNt4oPmEvtRcRmTJFM77s6eJvT2UNXK1xFqyTbvStApY42w,0xd44cd2d60773534d799c1952c0e3c659d8846335,2/12/2022,16,1381.46,TRUE,5855.61,4474.15,margin
oocjGseEzeSC3swk1tcvQgoLg9xS85zW6HHUEbV4gYa16zUz7dY,0xd44cd2d60773534d799c1952c0e3c659d8846335,10/23/2020,12,1339.59,FALSE,-1339.59,0,spot
oo2Kc41LYBMg2PAeBvjDPXJTzrv4QZ2jn8AbGEm6BPPZ4KaN4dh,0xd44cd2d60773534d799c1952c0e3c659d8846335,6/22/2021,4,811.89,FALSE,-811.89,0,spot
ontvymBeq96a19UckJFG7ec8VMhbgQstHAUo3fgFjKZGoGAJbef,0x572d5df9845570302ca37ff825e79f0cf81c7336,7/25/2021,15,1315.88,FALSE,-1315.88,0,leverage
opGjviE542UfCBJiURGTEoGYWEjvgJGSyfuqBrgbuVu2v5CbAuY,0x572d5df9845570302ca37ff825e79f0cf81c7336,7/23/2020,12,1026.77,FALSE,-1026.77,0,spot
op2vTdocpVhZf5eVoBtg4hj8Kw4oxSypxeuw6DxUXNoJ1sJ1AbH,0x572d5df9845570302ca37ff825e79f0cf81c7336,12/27/2020,11,714.93,TRUE,2460.43,1745.5,leverage
onn4MWaVCJYv67tosxpVnNA59K3Ktwmfip35onZ4Lnsy65EzTXH,0x572d5df9845570302ca37ff825e79f0cf81c7336,5/20/2021,16,927.87,TRUE,454.94,0,spot
oockpri8fgMya5nQWFsHjBvG7bFEhJQy7TEe7DHAZMngva7fKJs,0x84b49722bc3e392d4eb939c49884191554e30865,1/27/2022,15,416.82,TRUE,3832.31,3415.49,spot
oo47su5p8iH5qcn6hTWPQ9yTmQZRJZe5HLpqfQxjDsmvPakRfZi,0x84b49722bc3e392d4eb939c49884191554e30865,12/18/2020,8,737.49,TRUE,558.78,0,margin
ooiHyv6TuTf35BActSF8DdJyV7ffwp2iC2WrNKR5iZT7HgnAiB8,0x84b49722bc3e392d4eb939c49884191554e30865,12/1/2021,12,438.26,FALSE,-438.26,0,margin
onkZnUq23orDfvinaPY5XHpunhZr43HDw6AjyJQ1CpX9y3STRYE,0x84b49722bc3e392d4eb939c49884191554e30865,1/17/2021,15,1003.17,TRUE,6831.8,5828.63,spot
oneofhCqz22BMeRhmhYkShmoduZSpEXUZR4m2Ff91pHHFNTo66N,0x8e4255c4795a3f1a2f67f9f7c7b3304257328d39,7/2/2020,11,519.52,FALSE,-519.52,0,spot
ooY7wdQ2FAC9WR8h47ARk3JNJUbH95US6zpqNbB2EotFmGC1hd8,0x8e4255c4795a3f1a2f67f9f7c7b3304257328d39,3/2/2021,17,1234.58,TRUE,37784.98,36550.4,leverage
opPbcx4NZvCnTdG7PHB2y5a3oyBzTUHfB1ffcAymBPMs27LUxqJ,0x8e4255c4795a3f1a2f67f9f7c7b3304257328d39,6/8/2021,15,1281.31,FALSE,-1281.31,0,spot
ooSTxViFg6XV9NiqNS3UiYazSxHBbz6voE1ftSxmuGWumW1S2yo,0x8e4255c4795a3f1a2f67f9f7c7b3304257328d39,4/3/2021,9,687.91,FALSE,-687.91,0,spot
onh5zYxjZkRFjJUnViWronFLKJKeGxHzdTFd4SSvF3tiKZGNsyP,0x1777f5909e73c53227944ccd0089db72ceae7c87,7/18/2021,12,340.28,FALSE,-340.28,0,spot
opNArEAjEfPWV5ZkspGBmDN5JXAfxPTGRXvuZBafd9N2nrHcGwY,0x1777f5909e73c53227944ccd0089db72ceae7c87,9/16/2021,13,301.51,TRUE,3835.97,3534.46,leverage
oogasqTZoouV9Ufci3inwALpRQedCGCz4Ae9e9jLNRrAedKx2ks,0x1777f5909e73c53227944ccd0089db72ceae7c87,7/8/2020,17,1361.2,TRUE,3068.77,1707.57,margin
ooiL8xgQQ7tYX9ySSf9N3BNSHbuYCVkQCBVX1KSXEuZfC4iseSm,0x1777f5909e73c53227944ccd0089db72ceae7c87,1/11/2021,14,999.42,TRUE,2311.05,1311.63,margin
oo5HNPGZxussnBAKuM6BHrexW8vdnegYi8HqYt1bujPnYXqAjNa,0xd97c4225b5c2caba56c613aa80937e7411c697a4,9/5/2021,8,356.74,FALSE,-356.74,0,spot
oo8tyVscLziXrtzu2tm7uRfotCTwoXC3AxcoPnTg8Po5j7avdgt,0xd97c4225b5c2caba56c613aa80937e7411c697a4,9/5/2021,14,1424.85,TRUE,1543.26,118.41,spot
ontGSTB8rdCjawnUFrcETL2GfdaZ6hdryd23k9Ch582wMbHRfWi,0xd97c4225b5c2caba56c613aa80937e7411c697a4,4/19/2021,14,792.13,TRUE,5512.68,4720.55,leverage
onq8ZnjDLZe2gzZ4Dva2Q4CXGDXdLHtUigGzVvoRYPi4Q7bvTht,0xd97c4225b5c2caba56c613aa80937e7411c697a4,8/27/2021,5,820.4,FALSE,-820.4,0,margin
opBR24y5nVVxPWMK9LfFRKxjhShqptKSqmCbzW6oBKQuD3DCMcg,0x1e7e93d72f48d159e031c7de92ec38ce7e8bb030,8/10/2020,13,853.09,TRUE,1445.38,592.29,spot
opPdUM4sSFSYxN5xwkgKmmbgBEFZpvtCQT43A4aW23nhbkpp5V2,0x1e7e93d72f48d159e031c7de92ec38ce7e8bb030,7/8/2020,5,1571.24,TRUE,5463.39,3892.15,leverage
onhoMnhrjkjq2HG4CRd2EvUeBBhNXLfdZxpDjMQE2HQoc6vppfM,0x1e7e93d72f48d159e031c7de92ec38ce7e8bb030,9/17/2021,13,782.32,TRUE,2432.07,1649.75,spot
ooHumk3Q2er31JzLGCevvxJVWYCtFwbaVZdJufp4LX8ZxECPtdG,0x1e7e93d72f48d159e031c7de92ec38ce7e8bb030,11/29/2021,19,1436.74,TRUE,5699.26,4262.52,margin
oouGK8yNUPyWJN9Jy8tc14riVGSSejdVEtHQK3CN89SmHJEzNEn,0x9fd9585f13582140b3a05fbdbdd1433c1e0f3479,7/14/2021,15,1095.08,TRUE,6290.92,5195.84,spot
onfQehwg9h8QioPDRFVJkNpbeQ8mdzhVin4NkDtfqN2KxdDC71t,0x9fd9585f13582140b3a05fbdbdd1433c1e0f3479,2/25/2022,5,1550.43,TRUE,2240.77,690.34,spot
ooBDpfFW3Jg4PAsFmATrdWXJVvm8mmk6d75BFCNf1VfujeN6eAX,0x9fd9585f13582140b3a05fbdbdd1433c1e0f3479,11/19/2021,12,221.65,FALSE,-221.65,0,spot
opUbrqLR3PHK4qLADjo2HwZzaSVjs6kqhUfhoWZJ7bKmA9LvE6j,0x9fd9585f13582140b3a05fbdbdd1433c1e0f3479,6/10/2021,7,566.17,TRUE,2506.03,1939.86,spot
opKmksG4VstnSXz1vkYb3gn5NkA2FsP4AbXsfsZSWkA34SJHjNX,0x93ccb14d25b0da6a9d1b5cf92316ac204398aa6d,5/15/2021,12,1244.3,FALSE,-1244.3,0,spot
onq5cZavr9T5MQuhGu22dGPKZ6QjzP2jVWvtCjXR3t9HFxMongV,0x93ccb14d25b0da6a9d1b5cf92316ac204398aa6d,11/30/2020,8,440.42,FALSE,-440.42,0,spot
ooHF4VCgt8ViQE8grxqsiJrWxbU1qrLU8C31R5Yr5n3ocUksHpJ,0x93ccb14d25b0da6a9d1b5cf92316ac204398aa6d,8/18/2021,11,794.4,TRUE,4720.8,3926.4,spot
ooQ7YCXJtGaLfbSVSMHMW6uWKSQqL8Dnn5PVkxWLZsWvkpJc27S,0x93ccb14d25b0da6a9d1b5cf92316ac204398aa6d,8/25/2021,19,916.53,TRUE,4390.68,3474.15,spot
opHGbLm2E1D8Eo8uXnWQa2KJTRMLENHXUJeuFEwidL1bp4cWpSe,0x44ae11d617628136ecabc1afa94883f36a2db380,6/5/2021,3,1336.78,TRUE,4429.78,3093,spot
oo3rwN6L1uhrXeMJjhAnEhFBZQhRKBd4F1ME7ShowzYuF7u3oa8,0x44ae11d617628136ecabc1afa94883f36a2db380,11/28/2021,5,959.55,TRUE,5351.71,4392.16,spot
onhZBV1ST1i9L5Ah9mwBefsNG9dee8YDXmxxVUjhFxHGL6g7cC4,0x44ae11d617628136ecabc1afa94883f36a2db380,7/2/2021,8,1253.3,FALSE,-1253.3,0,margin
oo3wDuXCzZF9FHcq4tgvExDJJoqDKmjdt3YmCMAXSPzB7aCVtsg,0x44ae11d617628136ecabc1afa94883f36a2db380,5/25/2021,13,1665.96,FALSE,-1665.96,0,leverage
opPdnrmxTqwx5Cj1aJY4S1oVwom1GA6BTHsaQq6FHDxpvuUxeAm,0x812f6200e89bea659fa7fefb0c359d278fdf94b9,10/31/2020,11,1505.14,FALSE,-1505.14,0,margin
ooyKsu58az1vCr1Zd6HowzEtiBunCFSBPT7CNTyMgo8vFt2Z5ND,0x812f6200e89bea659fa7fefb0c359d278fdf94b9,2/1/2022,3,661.8,TRUE,3738.09,3076.29,spot
op6EMQxLTY1DNwxrdZGoQQkZi5wB6YPgUD1o3SHh3KstFfu7r5T,0x812f6200e89bea659fa7fefb0c359d278fdf94b9,1/26/2021,16,995.71,TRUE,3542.75,2547.04,leverage
op9p9VX17MyyxtsYnSfZb4env9aLg6fBEXqKBdoLCD9iL3TaWNr,0x812f6200e89bea659fa7fefb0c359d278fdf94b9,10/10/2020,14,1490.48,FALSE,-1490.48,0,leverage
ony1YHZ3RAZXiQ1Pz3o1XpoqfaTAdjp9cMY8XweZeGHMpHL5ki5,0xcf7c2cd1736b91b2deb65c11922c2068e8a3ad62,11/14/2021,11,961.57,TRUE,2003.95,1042.38,leverage
opCj6QVmGiwdQ9ZpimJH7196WGrrjJSQ9rDTYwawNg3BPtPzb8A,0xcf7c2cd1736b91b2deb65c11922c2068e8a3ad62,1/22/2021,12,1568.13,TRUE,2375.89,807.76,spot
opVucrDwmdm7TWzDBbvkJV38JaRPDBKEUZwR9PNt8tHKVyNQxHD,0xcf7c2cd1736b91b2deb65c11922c2068e8a3ad62,12/4/2020,19,1485.05,FALSE,-1485.05,0,spot
oow7TL9WKfEkZxXMRpW3PJdVSspmsn7FNJ67KCpaCZEmY8QWxB3,0xcf7c2cd1736b91b2deb65c11922c2068e8a3ad62,11/16/2021,5,599.97,FALSE,-599.97,0,margin
ooSMfGaQvi1ZTHwqhzhESGibJMWfGFg6rhP1u9CMms6XDpuL4Ua,0xf284e1343b3ebc7ba6b17f8b54c38b0e8a2b5d4c,10/7/2021,16,1153.44,FALSE,-1153.44,0,leverage
op4gybHGEQRFpT4N3L7tvMzZR62j9RDKXMheedzkxuLgWogPGqB,0xf284e1343b3ebc7ba6b17f8b54c38b0e8a2b5d4c,1/12/2022,10,1259.64,FALSE,-1259.64,0,margin
ooNnP4fvWR2DRgGrkMFuK7U3XN1EN5RGicWPv4VbrajqVYjfbfE,0xf284e1343b3ebc7ba6b17f8b54c38b0e8a2b5d4c,8/29/2021,14,542.7,TRUE,4883.15,4340.45,spot
onoGMgwyA7KHKeBwFaQYeC5KeW6dkRTHUSPED74h9BCpMriNf9D,0xf284e1343b3ebc7ba6b17f8b54c38b0e8a2b5d4c,11/17/2020,18,1340.16,TRUE,1955.25,615.09,spot
oo8M2kTnC6qW7UadpTWsMiQn49Hd9mqPiCKqsDaunkcMkb5w7Ft,0x5c3b28b46870c34086d5ed7cb907471b74a0951b,9/3/2020,14,1196.2,FALSE,-1196.2,0,spot
oowmKqR8z3tCq81finYTWMgnkh9mKhZpiLQKuQgWTQYy8FdskTY,0x5c3b28b46870c34086d5ed7cb907471b74a0951b,2/17/2021,6,452.22,FALSE,-452.22,0,spot
oowoUSHf4SGvs8DvWJTtdWV1LFgCpxMxA8EBTREreacbsPwwsM9,0x5c3b28b46870c34086d5ed7cb907471b74a0951b,6/16/2021,11,1234.05,FALSE,-1234.05,0,spot
onx6uUrX9xRZTVQKC4c3z1jxocRv2UHHwmcPpad882L4ZQhhEKS,0x5c3b28b46870c34086d5ed7cb907471b74a0951b,11/6/2020,7,251.13,TRUE,6367.78,6116.65,spot
oofeh6KGSTZ2yRTEQhzepUWSiqMsatF6qPVbz68nHrNo83gzxTX,0x4a449e6637c35eb0fea91a30034bcfb39d306ca0,5/15/2021,19,1209.53,TRUE,2682.19,1472.66,spot
oohHXekhGBrD2ehrBCTGMzXwpjgvv455c74JyMafeeTjr1gotVT,0x4a449e6637c35eb0fea91a30034bcfb39d306ca0,12/16/2020,11,638.73,FALSE,-638.73,0,spot
opCKPkXUGDYmtqvKJZZY8vMPUZTVyyR7jQ4z44spQ7sa7uib3SL,0x4a449e6637c35eb0fea91a30034bcfb39d306ca0,8/27/2020,18,1368.51,TRUE,5381.48,4012.97,spot
op2Wdtnc1NC9zHjzEeDLekBkaazu4dJR9UdFug2h7LNVWdn9tmg,0x4a449e6637c35eb0fea91a30034bcfb39d306ca0,3/17/2021,13,1049.91,FALSE,-1049.91,0,spot
oou9gY1fYud8TLuirSneDvM7TAcEkV7xgAgMjQyS55LW4SVNrA6,0xf5e2739515c5e41e7116fce2c2537a5906ef807b,8/16/2020,16,395.9,TRUE,2858.46,2462.56,spot
op2qx8QsEeGeWvx9Jxf5nFjroxP9uKj4SoVFW4KYT6vqfsEFSZA,0xf5e2739515c5e41e7116fce2c2537a5906ef807b,11/12/2020,10,1422,TRUE,1521.29,99.29,spot
oosiB88ER7FzMDpPCEoi6wUHRSiPQdbkPeVpP6g58HWP2r2ZcbT,0xf5e2739515c5e41e7116fce2c2537a5906ef807b,3/14/2021,11,1454.57,FALSE,-1454.57,0,spot
onzP5ewbgMDwGkzLELQorQoQ4DUqy9QBfap8pv43AtiBENbF8uL,0xf5e2739515c5e41e7116fce2c2537a5906ef807b,4/9/2021,10,906.24,FALSE,-906.24,0,spot
opWvrVkRTcX1hA9YvKUiNL2bbW4gmnoW3nSmYnFZEaBVymD8iAf,0xce4d38673c1e15885d91ab501a958a66a2f00d67,10/5/2020,18,1667.93,FALSE,-1667.93,0,leverage
onpKrEnHh6JYUwqH63WjNfaKXmnZrPeiMyKN5mc4LNEUeR2LeAy,0xce4d38673c1e15885d91ab501a958a66a2f00d67,8/22/2021,8,176.05,TRUE,2337.62,2161.57,spot
ooGSU2gKg88y66zEEicGrGcgSPzpWh9LdrWErfnLEDspg58XzCX,0xce4d38673c1e15885d91ab501a958a66a2f00d67,8/21/2021,14,705.21,TRUE,3444.52,2739.31,spot
oogdkH5HeXcKFkT3pKvdqFSTxQzEaUNevSoLvxV3tsh4w7Dfcdk,0xce4d38673c1e15885d91ab501a958a66a2f00d67,10/9/2020,19,1461.72,FALSE,-1461.72,0,leverage
opXa1442GyYmfsZXDvhh1q9Z4qDLiR1uXJKeFvQxNuttR7rP6mg,0xd0fda4e4521f76900d039456589193b4ac77b54e,6/15/2021,2,1518.56,FALSE,-1518.56,0,leverage
oofm6u3e7Db84pVm2MKTiiKm14eykjx3kV4EPR54mAdeBveboHB,0xd0fda4e4521f76900d039456589193b4ac77b54e,7/1/2020,16,964.56,TRUE,3552.07,2587.51,leverage
ooFYUUFhEBNjVLWYxLbeSfveUujA2gqixpDF8EdCDnuVMno153M,0xd0fda4e4521f76900d039456589193b4ac77b54e,9/24/2021,19,1630.3,FALSE,-1630.3,0,spot
oodfhk4NkyzskWMQ2jX912LLgi7sHwbTcNuEgkAarsPrqQxX9G2,0xd0fda4e4521f76900d039456589193b4ac77b54e,10/25/2020,3,1266.95,FALSE,-1266.95,0,spot
op6Y2tZmE2agKBZdcE6iqSpTdKrKsV5oNUEzwqir3J8sPhSufxs,0x4314a9259ce18b83271f9be55203a6d1d9f3216d,8/6/2020,15,1472.27,TRUE,1735.26,262.99,leverage
onjCMphYQ4qhYngUGkekwwvdWz4Km261WQcnyhrq1LfRCoKPuiE,0x4314a9259ce18b83271f9be55203a6d1d9f3216d,12/23/2021,10,1613.48,TRUE,6146.89,4533.41,spot
oohbT6qkJd6KQ5gdrfNackjrDfmdLtpZyM5M2i72UXA7mGnjj9r,0x4314a9259ce18b83271f9be55203a6d1d9f3216d,2/17/2021,13,1478.36,FALSE,-1478.36,0,margin
onhUzNjTUro9fYUZouUv2xxMR6Y9HYKpLyBwdzfrjs2vcuVbqH8,0x4314a9259ce18b83271f9be55203a6d1d9f3216d,8/20/2020,12,1153.29,FALSE,-1153.29,0,spot
ooCqmzT3skk4FSmdUoXR29enb1VCkpuEu9kvhCPWpGr7htC4icp,0x33887b61fca74b99309c0f729e5d7e7d4f3fa7b8,2/14/2021,2,1578.99,TRUE,4741.4,3162.41,spot
ookeARfch75n36XjrgGSRyT8E7w5jGyuYntuT3aCvGnerpib47A,0x33887b61fca74b99309c0f729e5d7e7d4f3fa7b8,11/7/2020,14,1116.59,TRUE,5059.97,3943.38,spot
opMxgCJt1wnVPSvuRq61QkrL41moYZoC6YY7kniz1rriqEE6dyn,0x33887b61fca74b99309c0f729e5d7e7d4f3fa7b8,11/20/2020,17,1067.9,TRUE,2806.07,1738.17,spot
ooMezyiECAz8pXXuRD7hmKVTcTqUZqUemTNxwNMWQRkRBHJ9y2b,0x33887b61fca74b99309c0f729e5d7e7d4f3fa7b8,10/26/2021,11,260.5,FALSE,-260.5,0,spot
onw8YZfoHpicjYxL2Dai7EBiqfa1V9bMGChFGNvUfaSu8PxxBGk,0x1d0ba0edd699211ef9ff81ebb415ca4191b52a0a,3/28/2021,11,1303.04,TRUE,3516.01,2212.97,spot
opAKwD2nHczNztccN5ZE9PrJAkiNrET77jKn7jj9NiQJc6EcDVR,0x1d0ba0edd699211ef9ff81ebb415ca4191b52a0a,4/14/2021,3,858.96,FALSE,-858.96,0,margin
ongoRMCy7sTg5Q4TL3DqVcnnZ5jTvqjHXdxRKnrDWNSYG4PFWPA,0x1d0ba0edd699211ef9ff81ebb415ca4191b52a0a,1/24/2021,19,1219.51,FALSE,-1219.51,0,spot
onpAEX1wnNM7G7t1rvyd7PwVjrUCqWcxLhFSk8L41fUY72uxesV,0x1d0ba0edd699211ef9ff81ebb415ca4191b52a0a,8/11/2020,19,1010.51,TRUE,4124.68,3114.17,spot
onuE5eYgde2vdoaCTbZgXCRseWbw2sQrrW13UDfGi9VwjrjXGjW,0x1662c5695f977ac3c8f57de433cd3eacb9395f2c,1/30/2021,5,979.81,FALSE,-979.81,0,leverage
oowvjJrXqyjiNWzmwrJkSnZyZ3dQY2FpSnPmWifAMSeTLtnrfEi,0x1662c5695f977ac3c8f57de433cd3eacb9395f2c,3/19/2021,13,578.3,TRUE,1776.66,1198.36,spot
oo4HJZMtuq6amSVqrMA5huHZZVhpVKwjH8gDTMsciQCwTikTuSA,0x1662c5695f977ac3c8f57de433cd3eacb9395f2c,6/30/2021,4,1691.49,FALSE,-1691.49,0,margin
opAxiHVRU9FMNxdJjTirdziAKkSHCpU5FcgeNDVdKHuxZeCWajo,0x1662c5695f977ac3c8f57de433cd3eacb9395f2c,11/22/2020,14,1237.99,FALSE,-1237.99,0,spot
oouKGDVkxu1GNUUQnYksNvYGhp2XJYeNgtdgZtb88biBBpo3oMx,0x80359b514b863728a604e4873b9094ac3e4ccd94,7/5/2020,4,1476.35,TRUE,5489.37,4013.02,leverage
ooGnW26pdMFH3dYhNJM1998r36H2MNcqWk9V95gwYuLVZwyebge,0x80359b514b863728a604e4873b9094ac3e4ccd94,8/2/2021,17,714.68,TRUE,5107.15,4392.47,spot
ooJLSLXRXrbyxgjUX5xPvPxVYbr68ycSh1fRRWbjtYuQxEdTcPy,0x80359b514b863728a604e4873b9094ac3e4ccd94,3/24/2021,17,360.49,TRUE,947.44,586.95,spot
opKZhVxyHVd9AZf2jp1a9jvvYgEAdBENWKDQmabgjKrXAwbQPEZ,0x80359b514b863728a604e4873b9094ac3e4ccd94,10/21/2020,15,1188.86,TRUE,1150.11,0,leverage
opLWhyc196VAUcxjRFaXD2pXaDk1AF9VZU9yWxTy24D8nbfLsrX,0xb537277a9435aa8092af49d2744a172aee1301e5,8/26/2021,6,1371.43,FALSE,-1371.43,0,leverage
ooiVwyhQXqadBa2RgUmkxgmkvyeh7je7qjdF1c3fZTnfJxwYVUS,0xb537277a9435aa8092af49d2744a172aee1301e5,8/24/2021,13,904.28,TRUE,2963.09,2058.81,spot
oozrUo7tpC8eLLaMWAxPH7SAoz6gN6xw4ziHrvTvHdxHTHbXVTy,0xb537277a9435aa8092af49d2744a172aee1301e5,6/23/2021,10,1265.37,FALSE,-1265.37,0,spot
oo5zChvTfYKQ1NtkqFvLe5yCSPiE3vmKpcJBry5EvzdykXyUtLL,0xb537277a9435aa8092af49d2744a172aee1301e5,2/19/2021,5,1427.06,TRUE,1648.78,221.72,spot
opWpXuMddCZ8V3oHqmXBF7FyCFXQGgT2scC1bEmvrxkpqupg4iX,0xabf00d36aeaaf814c19bc3f35f2d711d79bab57c,3/6/2021,15,1519.88,TRUE,1454.51,0,spot
oosnGPi3ZQfmhY5qUjxjW7V7ZmRAiARYNcyZ2BTqd92bAP3PtTz,0xabf00d36aeaaf814c19bc3f35f2d711d79bab57c,9/21/2021,9,1384.86,TRUE,5919.29,4534.43,spot
ooySGWPvc7x1gqPSih4bVDXr9t7Tx2Hw61igVEoEthg87aaJVMD,0xabf00d36aeaaf814c19bc3f35f2d711d79bab57c,2/27/2021,18,743.81,TRUE,6965.9,6222.09,spot
opXMtVcYuoZtNxPd1oaSsqFw6WxNWFZQf4bebPqZXFyombWPu8y,0xabf00d36aeaaf814c19bc3f35f2d711d79bab57c,9/21/2021,14,903.34,FALSE,-903.34,0,spot
ooy6rrK865J52jueTbwASZNqEcZEht7BDpg2Jn3YKKe7KgNEU51,0xd520e61b7f8ce4e9fead9c657a03bfb40231a803,7/25/2020,8,1323.79,FALSE,-1323.79,0,margin
ooCqKyhxAtCtoWGB8anHowdFhwA3keud4VmQX3cQFGTTuybUuNp,0xd520e61b7f8ce4e9fead9c657a03bfb40231a803,2/5/2022,18,1067.36,TRUE,2412.02,1344.66,leverage
oocDxNjcGDST6dqahp9rg9rVJNGAiPCf4FZWC5n8FVEk1draryV,0xd520e61b7f8ce4e9fead9c657a03bfb40231a803,11/8/2021,13,697.65,FALSE,-697.65,0,margin
op8xFLjgnTSiFJRzoRQotcz5wH3vVbX6WVnh2bae6bGJdfFkzmh,0xd520e61b7f8ce4e9fead9c657a03bfb40231a803,8/14/2020,12,1096.34,FALSE,-1096.34,0,margin
oor3cQvLiCbsJsqBXRLVQZaTwspHg9pKQErdVTYr8rEYkW761DH,0xd766b2f7f8a76d0d73492dc841437fa390fdae4a,8/14/2020,12,744.52,FALSE,-744.52,0,leverage
oojpFAWzqJaxF2GR1sraDXzZbVkTfkCsacnmjEVLkHcWAzGkkym,0xd766b2f7f8a76d0d73492dc841437fa390fdae4a,4/2/2021,8,312.86,TRUE,960.59,647.73,leverage
ont6Za2JnbChQRBFSz1Uk7HFqngfhVEy3vcBptXo5HUZMWPHKT9,0xd766b2f7f8a76d0d73492dc841437fa390fdae4a,2/7/2022,12,1538.84,FALSE,-1538.84,0,spot
op3yQkxJQRtkmU6A3GGVf1993ckTdHiAKgh5m2qzaAfTNymZoLo,0xd766b2f7f8a76d0d73492dc841437fa390fdae4a,10/9/2021,17,288.27,FALSE,-288.27,0,leverage
ooL1ZxPkVkESuFKBNjBAVBpu5MumbwaPektPHXXZHv8RFXuNPGD,0x1a50bbafab69395eb8d062962fad2e28b015580d,11/27/2021,14,1330.83,TRUE,4280.51,2949.68,spot
ooJddJrsvcej2L6Bz6QxTsXf6eHQbNvLiNo89aMBfcEoQJ85Qys,0x1a50bbafab69395eb8d062962fad2e28b015580d,6/17/2020,16,737.96,FALSE,-737.96,0,spot
oo464NZyrVatPxwSdAEVXKUTfUVmSoDvfKuv2Nzb4kpuNTicTRP,0x1a50bbafab69395eb8d062962fad2e28b015580d,12/23/2021,14,1373.75,FALSE,-1373.75,0,spot
oo2p8oW61WDm93YD3EDcJaRrKBFSEa8om1DwgD5K71HAc68cLJR,0x1a50bbafab69395eb8d062962fad2e28b015580d,10/18/2021,19,695.72,TRUE,3903.57,3207.85,spot
onoK57QmdgjhdRVVWYspkMvVVfviwPuXzMcaxuepvYyPF1Zn7dA,0xf731b617a57d684f60e9d9936950089727e1d195,12/20/2020,6,269.47,TRUE,5647.58,5378.11,margin
onvqauqGNv2RHoUctRMzD5xZjTeNRRf8CKjAFZFR5R1yu73HH5s,0xf731b617a57d684f60e9d9936950089727e1d195,11/10/2020,14,1173.97,FALSE,-1173.97,0,spot
op3rs74wexwg1x7bANCruurrHdHsuTxsQbUJkJoeZ4edtLco7tF,0xf731b617a57d684f60e9d9936950089727e1d195,1/19/2021,17,939.07,FALSE,-939.07,0,spot
opFvCBUtyTX3PP3JGhcWtnrtkmVALHwnobzzh9j54ucf2hCh1Up,0xf731b617a57d684f60e9d9936950089727e1d195,8/15/2020,17,913.96,TRUE,5667.08,4753.12,leverage
op8g2wkyEVXYuLfPo7zmbV77CpCEezEmTZnJVh9xGLhmUwBDEu7,0x771f35f9dd9171a3800e729871fb253c4d977d6c,11/28/2021,15,796.52,TRUE,5545.14,4748.62,leverage
ong2mB5yJp7Qvks5pPoL8YjjtfuikN1L179VEpAdRgBew9t8cgj,0x771f35f9dd9171a3800e729871fb253c4d977d6c,12/7/2020,6,742.27,TRUE,2936.14,2193.87,spot
opRsb91vEHngaZe7HGCQSL9k5Hb2EumraUeKPh4Hifhugh9bten,0x771f35f9dd9171a3800e729871fb253c4d977d6c,7/6/2020,15,1689.62,FALSE,-1689.62,0,spot
ooZ9ZpYj63ZsR7NCUR7rRh4xEPeqydBXtu8skL3dV7bxcRzksrE,0x771f35f9dd9171a3800e729871fb253c4d977d6c,8/12/2020,18,784.39,TRUE,994.29,209.9,leverage
onvKdiHZAmEU8EVFzBjmfNYWCUy9dQu1vz3XSESNF3n5zpwCeMu,0xd0cd3c63297af3fd63e26522d40badd3a9706d6d,1/19/2022,15,461.07,TRUE,6060.1,5599.03,leverage
oofAn9PNJBkvFV6nhGooL2xA2KDgzmjw86jnDbTyQfoEm136uNh,0xd0cd3c63297af3fd63e26522d40badd3a9706d6d,10/8/2021,3,1080.72,TRUE,5804.83,4724.11,spot
ooi85D9xhPsK3VMcri6NhRgWGBQpQf9qVHqguSzDEmfVFAVniNL,0xd0cd3c63297af3fd63e26522d40badd3a9706d6d,3/29/2021,16,967.18,TRUE,3234.17,2266.99,margin
opZ4jf3BSdRAvJbbX1QqnaRb1BJzhrxjxq8HxSuCeRSFUPgQDi6,0xd0cd3c63297af3fd63e26522d40badd3a9706d6d,4/19/2021,11,223.09,FALSE,-223.09,0,margin
oom9ur7Pi3TDGX7VpqV4rvaEURqRpGicWvV9D7kuC7V19fVgf3n,0xde7bfabe1cdb9252518ffd28dfd3ccb32f646226,11/5/2020,17,900.5,FALSE,-900.5,0,spot
oof8AmTdcTP21z6RhNrs25XNxHJBaWkKSEumg7tPeAhkmPGuizP,0xde7bfabe1cdb9252518ffd28dfd3ccb32f646226,8/5/2020,6,1021.11,TRUE,5044.75,4023.64,leverage
opDoe2nmqDE15nZrccyyJ8YUiMgXJVoyHaAtko8T1AQfanKbKzg,0xde7bfabe1cdb9252518ffd28dfd3ccb32f646226,11/21/2020,11,1453.37,FALSE,-1453.37,0,spot
onnT85cYcQzwZKTwNGPeDGrt1cFZTZzyAVi1k3KfLYkAJnHyBMt,0xde7bfabe1cdb9252518ffd28dfd3ccb32f646226,1/30/2022,13,294.39,TRUE,4282.93,3988.54,spot
opW1nzVfcX7NRZVckvqhh6hoonhC68SYr8XPXi5eWsKySYe5qgj,0xcc56780d46855119289f20713c657e78e52e2015,11/20/2020,16,1652,TRUE,2333.95,681.95,spot
onfpRKbmSLvfLi8XsDvgLgzUNhGCWGPH6At6fTJcNocqVzCY1NJ,0xcc56780d46855119289f20713c657e78e52e2015,3/7/2021,5,1451.84,TRUE,1550.55,98.71,spot
ooG44WAn4mf7pBz9TtAbMmP2Q8qEg9ofv8UTdr7YNChmdB5Fez9,0xcc56780d46855119289f20713c657e78e52e2015,9/6/2020,16,564.76,FALSE,-564.76,0,leverage
opKizFoYDgGFZFF23N8VdqWmSV9tSA3CNq3ZZccTfm24X2EAQP2,0xcc56780d46855119289f20713c657e78e52e2015,12/19/2021,15,231.19,FALSE,-231.19,0,spot
onze4DwocAEgfRjCUECBdgtxifaqAu6AQ8qSVv7TjD7SvX2WAjr,0x8ef59bae65d47dffd9c66f753a1b63e330118721,9/1/2021,10,533.27,FALSE,-533.27,0,spot
oo9AQCYG1sfsJhN7ELNV4opgDQLxt3NA8Q1FngR7SfwDRF6CwWJ,0x8ef59bae65d47dffd9c66f753a1b63e330118721,11/26/2020,12,1550.71,TRUE,3642.96,2092.25,spot
oozZbqyyHExYYrrNdPfcqrbFpUfyhqcDpwSq6nMG4TSzCgQ4qQu,0x8ef59bae65d47dffd9c66f753a1b63e330118721,2/2/2021,5,336.28,FALSE,-336.28,0,spot
ons84WMmft4sZCc76x83iZ6vGmuXJ33tw7vZnqE42KMPnMu9ztv,0x8ef59bae65d47dffd9c66f753a1b63e330118721,1/13/2022,18,1485.44,FALSE,-1485.44,0,leverage
ookw7wqNqFfWvrNQG9n3ajb88otQ2GKwHy9o2WioeffhKGtLG85,0x25a44aec149fe5517ab73aa4192793720c04531f,9/29/2021,14,755.44,FALSE,-755.44,0,margin
op8HSubgpiyzqdZwidcxdoC5yVhaamLDkzFkWFVE4LMJ8rHNR8r,0x25a44aec149fe5517ab73aa4192793720c04531f,11/5/2020,3,1507.72,TRUE,2267.17,759.45,spot
op45HY3Ec7vRvEXJjzj2cNq2uzFdZHbG8tGhzxjyS1iNTrQUkXE,0x25a44aec149fe5517ab73aa4192793720c04531f,8/1/2021,10,1286.73,FALSE,-1286.73,0,spot
onfzJTthK3FZVSoQEcj5fA2ridUxbGDm7joezBcMpvfVwirNJAq,0x25a44aec149fe5517ab73aa4192793720c04531f,3/7/2021,5,458.98,TRUE,2641.97,2182.99,spot
ooUQGyGz1iaU3x2coBZdWC25nAmPrNagZbdKZVRqCwbqAdk6eWg,0xa91017dc8ed3658928ef2d92710e56ae165b9f66,3/22/2021,16,1548.37,FALSE,-1548.37,0,margin
opHriG8K569NRji69PbPUgb9rMrMh8xoauz3hjnNsdm1n4ybvfQ,0xa91017dc8ed3658928ef2d92710e56ae165b9f66,4/2/2021,15,407.54,TRUE,4811.76,4404.22,spot
ooECCwxJfx9phx8neLgrpKQJXJTT5ZsXekTfQZ3bNw32Ze2wE26,0xa91017dc8ed3658928ef2d92710e56ae165b9f66,12/8/2020,15,936.83,FALSE,-936.83,0,spot
opWznucmXXXGBtUVa59eAdkh8nYm1ry2PtMLq9dXCHnbc6iXofM,0xa91017dc8ed3658928ef2d92710e56ae165b9f66,10/14/2020,11,913.6,FALSE,-913.6,0,spot
onn5CMwak3yT1xDYunUgWCbKRmVqJmcdpUDdGduyyzmK18iZo7m,0x050b7cdb1212b086d3115f56e0fde176af543cb7,7/1/2021,11,772.68,TRUE,4094.07,3321.39,margin
opUwN8bt8seJAEmXwk9P4XPMLsUhdn6fZK3ZfGJUyquwy7P5jCe,0x050b7cdb1212b086d3115f56e0fde176af543cb7,1/10/2021,17,1642.68,FALSE,-1642.68,0,margin
onsML8gLzA3Dg6geJta1VqPLyWKcWUjYq1MEh6D1myFBDRnM8BU,0x050b7cdb1212b086d3115f56e0fde176af543cb7,1/3/2022,13,1395.28,TRUE,2983,1587.72,spot
ooQ7sNxV1stzfHEsKpmuHsJCSqatXNLU3QWtT24rds7pzUVFwJ9,0x050b7cdb1212b086d3115f56e0fde176af543cb7,7/31/2021,12,803.93,FALSE,-803.93,0,spot
ooMtYRWkptWcNVo7pc5yUsPkMasNfvUJtS7XhpMfucjz4Hzzpit,0xcad90109ef499e2af82b23a6430722ff6addcd67,6/15/2021,19,645.5,TRUE,1918.65,1273.15,margin
opVMmZy819KqNfY4T5YHmrkAyxf2EDpXzmj5czhGf7ANigKjx5e,0xcad90109ef499e2af82b23a6430722ff6addcd67,9/7/2021,2,438.03,FALSE,-438.03,0,spot
opPgFwaPfxaSFExFHS2qGYkNxRUvckFE95xouZPN3yYAa9zC2bG,0xcad90109ef499e2af82b23a6430722ff6addcd67,7/12/2021,16,1006.66,TRUE,5438.55,4431.89,margin
opQVBwPGPTgZU6h6t7hBEh5BmpQbv8sN8tsFx8LHzmsNNY99yPS,0xcad90109ef499e2af82b23a6430722ff6addcd67,12/7/2020,12,1457.29,TRUE,1937.01,479.72,spot
oo22SKHMBwwUHKusRzh2AgTch9bN45bYAvr6QCAnRY15HPwN1WP,0x255f471035807cce35c0d974bb6b6bc7c126de51,7/16/2020,14,731.82,FALSE,-731.82,0,leverage
ootHumU9fWh8Go621onArTe93qxcLaoXXM7GtHQBU9kAsCjg98m,0x255f471035807cce35c0d974bb6b6bc7c126de51,2/28/2021,16,820.93,FALSE,-820.93,0,spot
onzjjSsPWXbR9rjTCQta2ekkME2Z7gemPXsFQe8J3MXsokVSQrJ,0x255f471035807cce35c0d974bb6b6bc7c126de51,11/8/2020,14,1627.69,FALSE,-1627.69,0,spot
opC8efXDhjywzode57DHRCmUoFUJEx3oitqLWrkdHHxUYuUorox,0x255f471035807cce35c0d974bb6b6bc7c126de51,5/26/2021,18,1459.58,TRUE,3311.42,1851.84,spot
opHsMfb4exNsNGCL6qDWzXnbBemtxbLsKnLXAzhdHi9QcsoVE3w,0xe6eac2dcd6f8860a368007badc7b219361c4b0be,11/21/2021,12,593.18,FALSE,-593.18,0,margin
ongKLaeVABL25it2pBjypQv24BAAubJwNhikN1c7LJ41dkb4f36,0xe6eac2dcd6f8860a368007badc7b219361c4b0be,11/25/2020,16,198.77,FALSE,-198.77,0,spot
onud8GfmpimNew8Mk4jfgqK2qSmnaJX38xXZ9D93J332EqWQ9cH,0xe6eac2dcd6f8860a368007badc7b219361c4b0be,11/25/2021,17,341.05,FALSE,-341.05,0,leverage
oo9JmHo3NrDgD7JvVXLAMpMGGWv34G4AfWtj7f8T4FwV5jwKVUG,0xe6eac2dcd6f8860a368007badc7b219361c4b0be,10/28/2020,6,1520.61,TRUE,6254.16,4733.55,spot
ooC1s1oRvRpcGuToE5YZHJnASdneEvV8Q4E5SDYcXgLpPkbgZJo,0xccef4c965b94fe6858d4aa70cb5f04af7e08a054,8/19/2021,19,566.61,FALSE,-566.61,0,leverage
opTkUooofTgKSi34tTyba35ZK9CTfKxVc8pXBfpZsFT8giAMA71,0xccef4c965b94fe6858d4aa70cb5f04af7e08a054,7/30/2021,12,1229.95,FALSE,-1229.95,0,spot
ooc5do6z9sKakrLr6G3ArBHrgTy6WNpuMdHtJpjRpoRnXGx2Rkm,0xccef4c965b94fe6858d4aa70cb5f04af7e08a054,1/2/2022,17,162.6,TRUE,6476.55,6313.95,spot
oovQSBHersNDjUea1B8a1wLP9PQ1Wnc87P4ZmuStzzP5PmcuaUA,0xccef4c965b94fe6858d4aa70cb5f04af7e08a054,8/9/2020,17,1165.98,TRUE,1865.19,699.21,margin
onmG5Wo8gKo4DbgcptKb6rapt88B85MUwpefFfsQ8cuBNnpvJmf,0x7f99e8347b2e1dc753a89f5a2438ebceafdae160,6/6/2021,8,1496.53,FALSE,-1496.53,0,spot
opMCpEZWTg91FoM6oi2h8jtG49FqCtt8LHK4bLx51RZuYf94DbG,0x7f99e8347b2e1dc753a89f5a2438ebceafdae160,8/10/2021,10,1672.73,FALSE,-1672.73,0,leverage
onsMaC2TVxhQvCEkmUsh9tCwGVfZuSgRBRCU7EbX1YQrfd7tjJ8,0x7f99e8347b2e1dc753a89f5a2438ebceafdae160,1/12/2022,19,861.97,TRUE,4440.14,3578.17,spot
onwRXb4r8Xxh5gbBA8CgR5cdy8sJLzcxJathcKJEqJCuGopeLum,0x7f99e8347b2e1dc753a89f5a2438ebceafdae160,12/30/2021,14,893.22,TRUE,3901.28,3008.06,spot
onyff7isHDFwvjA8NWxNsQCgp36pBDuT9y2hAaugziQfjibSRNH,0x00c1bf739004f0877a64e5286e47733e2aac6ebe,3/26/2021,17,1130.82,TRUE,8624.84,7494.02,spot
oom55fsJzg9NTRjxeDo5mmb35yWHBAdTjcMN7EDqxi4AP8moJmn,0x00c1bf739004f0877a64e5286e47733e2aac6ebe,10/24/2020,9,157.69,FALSE,-157.69,0,leverage
opHsEYipPSK432xJz379oWzQTCWLPnnApZM4LG6SzwGJjzJmAw3,0x00c1bf739004f0877a64e5286e47733e2aac6ebe,6/14/2021,11,1171.28,FALSE,-1171.28,0,spot
op1NBF2pF3LKLY7XmEuLBynPkKa3d7WMjmj32cBxLege8yac5Xz,0x00c1bf739004f0877a64e5286e47733e2aac6ebe,8/20/2021,19,1172.83,FALSE,-1172.83,0,spot
op2qGTzVydBSNjNH1EfsrE2tcCarPANgS7M1SuupCFUg6hmbtJz,0xbf3213c7eafb9385040fe8c2f94f2e028777eda6,7/5/2020,14,1374.66,FALSE,-1374.66,0,spot
opD9ufDNtsHur9fyxiGnLKrT7zNRewmqYp9hDXuumxLCi38t6No,0xbf3213c7eafb9385040fe8c2f94f2e028777eda6,9/29/2020,15,541.21,TRUE,1375.61,834.4,spot
oo5NS5wFExp8WvYjEHo1sbmSZwaeSotKmcESGNnyDihWtS3sx3C,0xbf3213c7eafb9385040fe8c2f94f2e028777eda6,8/6/2020,11,525.04,TRUE,3353.11,2828.07,margin
ongW2RxGvX2fKeFFerGCRHT1D1bsfpq8myKmEuagELKeUTVGWAW,0xbf3213c7eafb9385040fe8c2f94f2e028777eda6,8/6/2020,11,1385.43,TRUE,1627.71,242.28,margin
opShZ7fbhD7RteE8rNBGzey9YhGZy73z8fEGJCKDUNZDVRigPm9,0x599c1213e0093e52c69a2716dd90813158891213,2/8/2022,16,1345.44,TRUE,6111.19,4765.75,spot
oo6G4fzuXABm6QXDfXY9peqwZshFLVGj2vWPCirAGv4AHJLQ9Qd,0x599c1213e0093e52c69a2716dd90813158891213,6/27/2020,4,1236.11,FALSE,-1236.11,0,spot
onmnYkVPjfXkN8ueu1xpsHgcgLzsf8z5apnuYSDL6w22zyi9ZJM,0x599c1213e0093e52c69a2716dd90813158891213,2/5/2021,19,292.27,TRUE,3797.74,3505.47,spot
opGVrPb4wpgYGk21MYmUNHkfxGiss5cjPVtyNgy6om83zAtWTwo,0x599c1213e0093e52c69a2716dd90813158891213,9/26/2021,10,755.92,TRUE,1566.24,810.32,leverage
onkv2DJmJo6443jusTJzr9uqeXzdsd7JZyW6bgy4LU2bABxNBhR,0x7056028f6fd747954c77c302e4d2378c7074e28e,7/23/2020,15,212.95,TRUE,2615.83,2402.88,spot
ooguDwDwc5eCAS4rgoegRLVY4SwepwqYvFJb3jfysLMiX9cMzcw,0x7056028f6fd747954c77c302e4d2378c7074e28e,3/7/2021,6,888.61,TRUE,1670.98,782.37,spot
ongQQ43qCeQGD1bgXkwUGUW18JWiq2z28gEdsWiZDK2eT84M2J1,0x7056028f6fd747954c77c302e4d2378c7074e28e,11/7/2021,17,323.3,TRUE,1700.75,1377.45,margin
oo1JEFDZePQHrwZJWufiRvzyqUwyTgatvD6RurEDndMWFvEfp4e,0x7056028f6fd747954c77c302e4d2378c7074e28e,7/15/2020,15,166.86,TRUE,1306.25,1139.39,leverage
opaJH2hmWVSpfrDQwBYVzXshunAc2bJEixNKbYXDhVJNHk1AVoB,0xba00f0dd47b1f08514a80098f9e222d740cc271d,3/9/2021,17,673.79,TRUE,6999.31,6325.52,leverage
op1ND2Fz3847VhLY6hgWnhq42YaSM7WJ5tSujrTE2ygXBwjbnbP,0xba00f0dd47b1f08514a80098f9e222d740cc271d,7/22/2021,11,1165.45,FALSE,-1165.45,0,spot
opZ19B6XoDLSJwM6aiDw7tELDfgfH4XZz813XQncpQwrhZSBWND,0xba00f0dd47b1f08514a80098f9e222d740cc271d,10/26/2021,2,975.41,TRUE,3824.25,2848.84,leverage
oneeTFnRJ3xBEhcMZvoN6XJAAgpS6jDhwg3MasJszty7ykYHSoK,0xba00f0dd47b1f08514a80098f9e222d740cc271d,5/9/2021,16,671.44,FALSE,-671.44,0,spot
opFpfummMYX9smW1YWoHkJGQPRjHa36Fmk3AcGJ27MERKnZKNgq,0x5316ab4825d7b5294c68173347c736fcd4dd2f29,1/4/2022,4,708.05,TRUE,5154.05,4446,leverage
oowipAwR4W8GHC5fcTpPUfTK7e21y2snWzJCuqKJ8gJ5uQRnBjg,0x5316ab4825d7b5294c68173347c736fcd4dd2f29,10/26/2020,17,280.84,FALSE,-280.84,0,spot
opSxrmWigVFNxhc8kSLG4Mnx1gKLv3UPHos4RBcyCFCp3kCDsSB,0x5316ab4825d7b5294c68173347c736fcd4dd2f29,11/23/2021,11,1496.8,FALSE,-1496.8,0,leverage
ooBWb4qJqVR4LZCSoqPbR37Sagx3aZRDRpF7VfS3JokfGgjpipY,0x5316ab4825d7b5294c68173347c736fcd4dd2f29,12/2/2020,5,1671.32,TRUE,5236.02,3564.7,leverage
onywKVi6VNZjtEYq6a8DiVNKeDBeT78C6TYAYsadiFKgtD5gJPw,0xd1e5268f8b77c3389566c88406a5606d201efc8e,10/8/2020,11,794.89,TRUE,6339.17,5544.28,spot
op6L2vjpJLWKjYfyLikvcW1z7J5UzWoBbACrfSZuYmxWrPd5y3d,0xd1e5268f8b77c3389566c88406a5606d201efc8e,3/25/2021,15,1533.13,TRUE,5222.49,3689.36,leverage
oomm2SNTVw6Dem6CbbVL1XWxjKBaXnBsfhTmyCTGmUBoMwi2bQg,0xd1e5268f8b77c3389566c88406a5606d201efc8e,8/20/2021,10,271.74,FALSE,-271.74,0,spot
ooddFoijj48DpV2bWkgkCoHLsdXJFzNxdanEdMMwc51bkv1V5BC,0xd1e5268f8b77c3389566c88406a5606d201efc8e,5/30/2021,15,522.98,FALSE,-522.98,0,spot
ooAVZZ4Kmepow7FDtKTZqfz4PUREYzNN8bHRy6DrbzJaZe74KS2,0x37991048dfdd5d5a401095d9000fb5e772e38d03,8/13/2021,15,1131.94,TRUE,1560.23,428.29,leverage
opR35EVAfX8xqJGRkkodBTbsNe97feYzyidmqDKah1B7mpSwKMf,0x37991048dfdd5d5a401095d9000fb5e772e38d03,8/23/2020,10,1245.15,TRUE,6988.4,5743.25,spot
oouNfGSeYXLUUavoxpTSd6wyANB8AfjaVjPvzoWLmufRvwMnZp6,0x37991048dfdd5d5a401095d9000fb5e772e38d03,7/16/2020,13,469.73,FALSE,-469.73,0,leverage
ooyWF5Vfj6fdVzTPP8SaA1P4puDubB7KTUw7LZkHrDcrrfW12A7,0x37991048dfdd5d5a401095d9000fb5e772e38d03,9/4/2020,18,511.91,FALSE,-511.91,0,spot
ooTHcbxbsdR1zm5aEGbpgXX3DgqQnknpC3p8sJwVboUkn3xaxuz,0x0ddc9cddb4e9da49b5c87e6f6c1dd7c96d01f543,8/28/2021,7,782.32,TRUE,944.76,162.44,spot
onsHoiSbViSJuv7gUoVYgMimGskqBgXr5cgjtn3zNtRR3QqdKWS,0x0ddc9cddb4e9da49b5c87e6f6c1dd7c96d01f543,1/30/2022,11,172.38,FALSE,-172.38,0,spot
ooyXhYg3vVnHeK7GrPaYkmPLgC48kT9L55f13hkUGShEmUcT3q6,0x0ddc9cddb4e9da49b5c87e6f6c1dd7c96d01f543,6/29/2020,10,872.24,TRUE,2834.42,1962.18,spot
op3oVnhnP2W7YYJh8nTeNMJHq9N5d43yL9ygGhxArkdJR1Sdw3C,0x0ddc9cddb4e9da49b5c87e6f6c1dd7c96d01f543,11/17/2020,9,132.46,FALSE,-132.46,0,spot
ooeDWkZZ4RuYF6b6HAbNFxupDmmnWuNNUWfYgbQUuEvJWUEzNqt,0xb41ecdfe72b7ea182985a3f22d0122a3a42e49f1,9/22/2020,2,330.95,TRUE,2959.54,2628.59,spot
oovjSwwpP3bVN8vVKo7KviJtVafJ7YG1jR85ZrR5tm3EBiqbvpA,0xb41ecdfe72b7ea182985a3f22d0122a3a42e49f1,10/21/2021,14,1311.95,FALSE,-1311.95,0,spot
onzLZeJwtuj1seGmeGyEkqaKsSXRpx3mBgbibe2A3S7n9nd8hv4,0xb41ecdfe72b7ea182985a3f22d0122a3a42e49f1,4/16/2021,11,1699.2,TRUE,6365.33,4666.13,leverage
op4EiozbkWyvg7H5wNvbeXAGvZ5W4bUvpMRyWFfYoV3xEzzDorD,0xb41ecdfe72b7ea182985a3f22d0122a3a42e49f1,12/18/2021,19,994.07,FALSE,-994.07,0,spot
opUNLNpqzUPhREhor7m88ArkT162iFRD6xcKWhZwSNxDzEAXKTP,0x6628ce437f8e007a5fcda19ae4653172985c851b,1/1/2021,15,1347.81,FALSE,-1347.81,0,leverage
oouZFM95fDwZfCJCeCirRyWkP1e4ezjW3ubMi7Z5jviuy6LEDe6,0x6628ce437f8e007a5fcda19ae4653172985c851b,9/3/2021,15,1125.94,TRUE,4184.83,3058.89,spot
ooS4i5nErnXCdgctJEHX1qnCfbRrQqq4A5PVQTjMBbSH5UHaSCG,0x6628ce437f8e007a5fcda19ae4653172985c851b,1/7/2022,5,756.18,FALSE,-756.18,0,spot
onxzRgA76JC6r93QjkYWfotTV8HRTttEYgyeLo8yC59MNsSq5vd,0x6628ce437f8e007a5fcda19ae4653172985c851b,7/26/2020,14,559.17,FALSE,-559.17,0,spot
ooa3eBGvQ2RAZx8nCNLokZMUCPGswvXZXwvLetLyvBsvncG224z,0x1528b2ef9208221fe903126a2aef436e6b8d83d2,8/2/2020,11,1205.01,FALSE,-1205.01,0,spot
oogDBpVmhe5LDHbwKcRjadKvFQBn88Xr6rx6nMz5o2cPNYMVCuu,0x1528b2ef9208221fe903126a2aef436e6b8d83d2,5/13/2021,18,1688.8,TRUE,5021,3332.2,margin
oo6mbg1ngViwUAh4TwAgCMWzxFp6xtGg4zf8fEF8xB4DjhiE2ff,0x1528b2ef9208221fe903126a2aef436e6b8d83d2,11/5/2021,18,476.54,TRUE,529.75,53.21,spot
onrQX16uuxm3iCKPrbU9YmYv5G4hrtGMfXpcHbaRvw89iJtqXV8,0x1528b2ef9208221fe903126a2aef436e6b8d83d2,9/28/2021,13,723.12,TRUE,5726.58,5003.46,leverage
opWSjVpHiQ82PFJks3LhA2Wq3i7VH4eJqpvDhEBPNnCMCa3stR3,0x099a81ebdabb2365c5adae5c9dfda070ec4fad6e,9/19/2021,4,1617.81,TRUE,4162.92,2545.11,leverage
onkCYMZtdBaupiMu8YQ1EDB7DpuKP1i4RzgKBquCyA1FA8rPopG,0x099a81ebdabb2365c5adae5c9dfda070ec4fad6e,5/12/2021,14,360.34,FALSE,-360.34,0,spot
op8YJNGFVh4zGyWBHywJAjXRo4HJDRJ73mKdSMNSpnmRAz94DFM,0x099a81ebdabb2365c5adae5c9dfda070ec4fad6e,7/14/2021,15,1141.55,TRUE,1420.44,278.89,spot
opPE8GQmVd47qy3e2nA6kEkRTzYb4zujHNctUQBrJ5W6PiZqDfv,0x099a81ebdabb2365c5adae5c9dfda070ec4fad6e,1/18/2022,12,1071.44,FALSE,-1071.44,0,leverage
ooPKi4mwwvD7oS1RzLHsSb2JJioWZHbmHAvHbJadqYszL7g8Uzn,0x750e6953e35947e1c254576799ad8f5b2f376777,11/1/2020,12,1202.44,TRUE,5740.41,4537.97,spot
ooBu2YoofasQegqKYdrZXGurxgwuThbfGMZyU8M2iFWHnpQ8tKm,0x750e6953e35947e1c254576799ad8f5b2f376777,7/14/2020,7,801.37,FALSE,-801.37,0,spot
ooXj2qBPHNJ9CyiJ6DtzV29GaTqdMFF8Z41GRzpD7i4XavJ2R5M,0x750e6953e35947e1c254576799ad8f5b2f376777,7/11/2020,12,671.81,TRUE,5336.65,4664.84,spot
ooMtaRhDu2pBU6p5MvkhAungVpLD3weLZC7NKeHxjR1hSiqoYcp,0x750e6953e35947e1c254576799ad8f5b2f376777,10/10/2020,18,1313.27,FALSE,-1313.27,0,spot
op3Pip33Rtx2DmQfShy3YzzFhgEJy7Qm3JSFBykGQHG31aEmBSp,0x92128b3d05bfd66189261e0b30183e7f2e2730d7,11/29/2021,10,763.22,TRUE,6122.91,5359.69,spot
onzvK5hsPsWcBCmX5ihk4QeRZ7DuKJ8uhHEPsQt9GKV2NDqQM9X,0x92128b3d05bfd66189261e0b30183e7f2e2730d7,12/21/2021,16,1304.87,TRUE,6362.34,5057.47,margin
opUJGMqbmFN6DvZ2i6YYggxvUekgiDhfhdRzG4QiaT9PbC66ifj,0x92128b3d05bfd66189261e0b30183e7f2e2730d7,5/30/2021,5,1275.45,TRUE,2123.45,848,leverage
oopDLAHhz1RsuJzAfRcn5UAEtHMYsu6TW4xb4kQERacXeTfEWqB,0x92128b3d05bfd66189261e0b30183e7f2e2730d7,2/27/2022,15,844.78,TRUE,3331.78,2487,spot
op4EabnxGdHs52oeh6qL7fWtAyqK1qe4TPDvBZ2BKzHjxxWtvny,0xd2d4569b2b7ec87ebe3a7c8059a1b9be56919dcc,11/1/2021,11,862.12,FALSE,-862.12,0,leverage
op1rAwA8ZDhpgJc4CniF7gGxfYSwtud6N2YHrqCK5FcP8nqrsvJ,0xd2d4569b2b7ec87ebe3a7c8059a1b9be56919dcc,11/20/2021,10,653.58,FALSE,-653.58,0,margin
oooW4pacHT3kYn2ZV4haCDgJDfmhcpjdBAh5pgg14Vpa5Zyie8Z,0xd2d4569b2b7ec87ebe3a7c8059a1b9be56919dcc,1/24/2021,17,161.95,TRUE,1972.76,1810.81,spot
op1MMfEtMj9mbvLsGgW1VS72uxyCwskJoKUH8CJoRZYMNfCqQeE,0xd2d4569b2b7ec87ebe3a7c8059a1b9be56919dcc,12/8/2020,13,1368.76,FALSE,-1368.76,0,leverage
opA3LihrPBYubkv1R1nc7K1koNSMTjc3XfnpUX4dKUSbmMTLAd7,0x02d8a1634e0c3a7aa5d37c576cbaf4b175f9ed97,6/16/2021,16,680.08,TRUE,1446.78,766.7,leverage
onsdvpMLwPtg3hFevRsAHoxGS8sGT8rDCMAr3CHA1L5JGBteo3Z,0x02d8a1634e0c3a7aa5d37c576cbaf4b175f9ed97,1/17/2022,8,202.41,FALSE,-202.41,0,spot
opFbiV1P87VveRQbZ8AhQDe6657aCjergFx9zCr1yP1NG6huenM,0x02d8a1634e0c3a7aa5d37c576cbaf4b175f9ed97,7/16/2021,17,552.5,FALSE,-552.5,0,leverage
opTeAx1rDAjhroFvJusjFnYXzP5YXoNA1zFrPUfDhuGEWXDQTVW,0x02d8a1634e0c3a7aa5d37c576cbaf4b175f9ed97,10/26/2021,11,808.87,FALSE,-808.87,0,spot
opZp9BYZJQwk4SQGPgeSd2MHXTwV2L5fdMQjkuvLz1HLwbc4ZUF,0xaf4e433aace6ee4d14b46c1a8121cf5bdb08944b,6/11/2021,14,1037.16,TRUE,6076.06,5038.9,margin
ooE57YsAEZeBHDcEbtxoqeX9WexbQZGpdz5YWEkJ8nek6hBrfVd,0xaf4e433aace6ee4d14b46c1a8121cf5bdb08944b,3/4/2022,14,296.66,TRUE,3358.8,3062.14,spot
op8VnwivFqtoR2F74Z1rFSiM2rQ57BVZGTFCQeh2NnFfbg9mzNi,0xaf4e433aace6ee4d14b46c1a8121cf5bdb08944b,12/1/2021,12,644.98,TRUE,3804,3159.02,spot
oojsMiaiWdAMdmpx2xzteMCpPnJ6abc7H7ubvgKAS8Naj6mWZgd,0xaf4e433aace6ee4d14b46c1a8121cf5bdb08944b,5/6/2021,16,453.64,TRUE,4046.48,3592.84,leverage
opAufXJXa6Bu6uLcgGJUv6v4eq9M1xAqhpCAW2ryJNdexAXUKsd,0x81897b755e550f5c2d20dd559df34f56ba411ef7,2/3/2021,19,455.31,TRUE,4913.6,4458.29,spot
oo8UDji9s2Ekf9hXnNYTuyxrQL2pj6weSPoqLfTGhqQgCAzXesY,0x81897b755e550f5c2d20dd559df34f56ba411ef7,5/17/2021,18,399.7,FALSE,-399.7,0,spot
ooHWvWTZTwfeNbsAUfncU8QmcPNPYJ72ozUcisxHjTqNBN2WshU,0x81897b755e550f5c2d20dd559df34f56ba411ef7,8/22/2020,18,1596.87,FALSE,-1596.87,0,leverage
opA3htEeCxMWQnskoXdCvRUeucrywSn1seNLnkbXFF2qzTExQVc,0x81897b755e550f5c2d20dd559df34f56ba411ef7,6/20/2021,2,448,FALSE,-448,0,spot
opNAX2yPQSXttZ9jRA548ZYngHcyEorr3cyKQpyLSsnQZq5LLFh,0x612c4cc78895c49cb94eae35dbb725dedaf4f0b6,12/24/2021,18,1339.31,TRUE,2532.42,1193.11,margin
onmF74tWzokKQgLZMCmxooZZLFHYS3AAWrgx1ZLgpFAo4C8VWLU,0x612c4cc78895c49cb94eae35dbb725dedaf4f0b6,1/17/2022,13,1638.33,TRUE,6842.05,5203.72,spot
onf6dcg4pxQj6sr3Xb6ZSM8sM6XzRtM9Miyv58yMyogCxN7gWxx,0x612c4cc78895c49cb94eae35dbb725dedaf4f0b6,1/8/2022,10,611.56,FALSE,-611.56,0,spot
op5B6y2ZgezoLhrz5wK7MWoPyduvrVqzdRc1jBD4mGzjtoXJx4n,0x612c4cc78895c49cb94eae35dbb725dedaf4f0b6,11/20/2021,18,1280.99,TRUE,5982.81,4701.82,leverage
ontCMWhWn8fstNZtKUqECoH44vVuTAk5ukMYHkhvSUgxogswyKc,0x7daa3b9579dcd89c1c80d3b607b7fb92212c32e7,6/26/2020,16,566.53,FALSE,-566.53,0,leverage
op1Z6jG5tuyTcePvqfivns8iSNhuJ3qyh6MBuvzE4QRcyWVSiuM,0x7daa3b9579dcd89c1c80d3b607b7fb92212c32e7,7/24/2020,6,676.72,FALSE,-676.72,0,spot
onmaDTQ5SUgsqxnEd86hfSBa9tCK1ZgUkWcGbnnYoKf5sBX23BT,0x7daa3b9579dcd89c1c80d3b607b7fb92212c32e7,3/31/2021,10,214.14,TRUE,3292.26,3078.12,leverage
ooijewhbjZFjD866GkLoHGMxWX4yhXrovZhReC8dpdN8TyJ4Sfj,0x7daa3b9579dcd89c1c80d3b607b7fb92212c32e7,11/29/2021,10,1620.92,TRUE,6601.48,4980.56,spot
ooj4YVj12DNdESdVCeKyyuCX236cwCnm8dAM9Shfihh2Qtq7t7q,0x8fa6f623236f74988b1d53216882acc4b82d6219,9/19/2020,3,722.97,FALSE,-722.97,0,spot
opWjCXbVSFZLMzo8j3va6ri8utjwp2QvFBpsbew7cXtQjjPA7Pf,0x8fa6f623236f74988b1d53216882acc4b82d6219,10/8/2021,16,402.09,FALSE,-402.09,0,spot
ooAi7PfojQpnFj9SAiiPQQWCnBzrJ7iXtBd8jG6wmLPtURyQyC2,0x8fa6f623236f74988b1d53216882acc4b82d6219,1/27/2021,11,648.5,TRUE,5518.08,4869.58,leverage
ookCKzxd3jT67NfqTtbVW1o4X4jDYLphryB4qR6SgAyGPc28AoJ,0x8fa6f623236f74988b1d53216882acc4b82d6219,12/20/2020,17,539.64,TRUE,6385.23,5845.59,spot
ooFayu9a7SP5xJKbcKfoSgoTYowfoHUN9sQvrokK3GeaAU5MQHj,0x9913dedb4afb42a3bad3b568abf429374426a24c,3/2/2021,16,1212.33,TRUE,3090.58,1878.25,leverage
oo5rycYT359S8G34tCSHhnDLJYMHJyFhTb7RoS2HhYDp8DhatsV,0x9913dedb4afb42a3bad3b568abf429374426a24c,11/17/2021,5,1407.91,TRUE,7667.78,6259.87,margin
oojzJtxKdn52NKieGGjJdyWQGWsz6nzz8woYKBh55SKJZ3C8V2d,0x9913dedb4afb42a3bad3b568abf429374426a24c,8/23/2021,17,1056.95,FALSE,-1056.95,0,spot
oogCQsngbtymH5YVUBBX5KkfkwfhT4LHDy1LB4fBG3YTmGzF26A,0x9913dedb4afb42a3bad3b568abf429374426a24c,11/7/2020,11,1082.29,TRUE,1257.83,175.54,leverage
ooA7zbztTAv6PjniZHRvB9jUdTAek9rJZcjE26o7XN1oiqWoZ5Q,0x17fb9a52bba80788e9207abbd66926bf5ade7252,1/3/2021,4,555.52,FALSE,-555.52,0,leverage
opHH53Pb1cyzo3QVYXXPZtmL5Y2ugC4RxVSTvURAkGk1bvXubw7,0x17fb9a52bba80788e9207abbd66926bf5ade7252,5/5/2021,16,177.52,FALSE,-177.52,0,spot
oojSCL1x5gMZXxAD6vDVu2jxVBbGkeRYn7wJeTeSjcTXTjAhaVw,0x17fb9a52bba80788e9207abbd66926bf5ade7252,2/17/2022,14,392.18,TRUE,868.17,475.99,leverage
onnLnvK9Msv8MimMhr2ckNJjmWoxgKzH1TgwsSUhjpqkgHRsy34,0x17fb9a52bba80788e9207abbd66926bf5ade7252,8/30/2020,14,414.72,FALSE,-414.72,0,leverage
oomB6rFX3CnQ85NQEjEwApRmoZAaMShg5PTr5ymhQPTqgp1y7At,0x74d4588cc3982b3d18a776291b0dd4076f335f03,2/7/2022,13,1284.2,FALSE,-1284.2,0,spot
ooofnH9LoZQ7AyrYhi8MKV327FFL8tHyQk1duSB9a7ZNghHooEr,0x74d4588cc3982b3d18a776291b0dd4076f335f03,10/21/2020,14,1225.04,TRUE,35712.54,34487.5,leverage
onkXwufUkZ7bjPFStf8zfXfFjaGyYH4KFYTfqFz6xwZsbB1eBsg,0x74d4588cc3982b3d18a776291b0dd4076f335f03,12/13/2021,5,904.94,FALSE,-904.94,0,margin
opGtUfrSQnHKpNf2E5k8GDDpgVoaBBmds31qTAju9cdfWXhZEEz,0x74d4588cc3982b3d18a776291b0dd4076f335f03,12/6/2020,13,1574.79,FALSE,-1574.79,0,margin
oojDUcbFGj4WPHKR4Pc7srNvmPskwHTWPtiddnr2kU7nqEK62r9,0x771d2a63966c3fa0ccab27c14462490d62ec457e,6/7/2021,11,1495.2,TRUE,6999.35,5504.15,leverage
onvTd7TwX7iZu4qr7iKDFHofvdarTxTRq3hp1VJXmpQJh2XwGqq,0x771d2a63966c3fa0ccab27c14462490d62ec457e,5/31/2021,12,847.47,FALSE,-847.47,0,leverage
oo9BoP5eeW7QSfU1Z29VCrE1thAWMmz1wKAoew13NiguNKZdrUW,0x771d2a63966c3fa0ccab27c14462490d62ec457e,8/4/2021,13,1188.77,FALSE,-1188.77,0,spot
opYJDwcJFfVrDRyEVAp45wUb6sFSBqsiXh9LZJj6ph3CJk8KHjf,0x771d2a63966c3fa0ccab27c14462490d62ec457e,1/9/2022,15,1367.34,FALSE,-1367.34,0,leverage
ooQ9TpTjk36JwfxXFjySqWDs8MSoKJaR1SnigLJUWifQd9apru8,0x8d325a11bceb1d22fcad4f0b5575cc781004dbc6,8/22/2021,10,481.05,TRUE,5673.27,5192.22,spot
opG4fnAk7Kfku1MdfNAAQ2uEV1uQCFgh3vPsmbBvPkoydMUbzB4,0x8d325a11bceb1d22fcad4f0b5575cc781004dbc6,7/15/2021,19,973.71,FALSE,-973.71,0,leverage
ooVgfsPLL42qjWThThrbjPjn5QiH8RZmFSZmzWwcZG5uEgTTtXs,0x8d325a11bceb1d22fcad4f0b5575cc781004dbc6,9/26/2021,17,1132.28,FALSE,-1132.28,0,leverage
oonuLzszLfFzGTVMed5rsuDwvf8u7jMjcYGf4KsrBGHvGqi5kiQ,0x8d325a11bceb1d22fcad4f0b5575cc781004dbc6,9/11/2021,9,1509.52,TRUE,5965.56,4456.04,spot
op4DEvbEGemstMhc6mSH3f9HJa5aHgTq1i8ywsRL7hoJji8odig,0xbff1cf7b14a061bef18390caafa6bd64e3ace832,11/11/2020,14,285.8,FALSE,-285.8,0,leverage
opLt3KLw6p767JLYnGGP9dPQnbi9K4omZ4JYiDv13xzYt1JyAqi,0xbff1cf7b14a061bef18390caafa6bd64e3ace832,10/7/2021,18,901.13,TRUE,1402.9,501.77,spot
onp8fTGHuXptNtnxw4exRMbJmVoaA9cr43x3cikchjBpYvMJ2em,0xbff1cf7b14a061bef18390caafa6bd64e3ace832,7/16/2021,7,249.24,TRUE,6055.99,5806.75,leverage
ooGh4AjpeY5RDT3d4FgY7Wd1iRxBjhgpQZ9zsFR7DirnNUQc8kD,0xbff1cf7b14a061bef18390caafa6bd64e3ace832,3/12/2021,19,1061.29,FALSE,-1061.29,0,leverage
ooUcXeSm85GgiGKL8XibPvRUFygB4PNXwqP3xU64gDGR7rrtQmF,0xbef72557324c04bf890c8c07b501c9d1ebdad690,9/15/2021,12,1542.11,TRUE,5063.02,3520.91,spot
opKjaSTbqYrjYVTBuv2CgsUyDkvSLUAfqAkW7RdT8yZH1j9wow4,0xbef72557324c04bf890c8c07b501c9d1ebdad690,11/14/2021,14,1066.83,TRUE,5389.87,4323.04,leverage
ooPTFmoJq1VqdamPtBg84qbcRsja58b52ZaDGqx238iqppjyoey,0xbef72557324c04bf890c8c07b501c9d1ebdad690,3/25/2021,16,543.25,FALSE,-543.25,0,spot
opG3bDuzYS8kx8776H4YdumyPD86NbhMCFzWSwPdcXrtcBK6L79,0xbef72557324c04bf890c8c07b501c9d1ebdad690,9/20/2021,14,464.24,TRUE,3969.14,3504.9,leverage
ooR6X3vbyuSkNy2CY65dUFYSLG7CQyYLuodGHLrMZ3jLvxtQ47n,0x8c0d14ec3c5e399196825f6e84407fde4319d3b2,10/20/2021,11,574.4,TRUE,2340.91,1766.51,spot
opX69r87wv77WFqrdJAu6Rk3vw8yBW8e1VKV443kyMbAmG3g3Fj,0x8c0d14ec3c5e399196825f6e84407fde4319d3b2,12/14/2021,19,573.24,TRUE,6938.72,6365.48,spot
onhBBvFTsYbGNDTcTqu1r2swuAXmPycaPdDdRrJC5BUVRNBuYND,0x8c0d14ec3c5e399196825f6e84407fde4319d3b2,8/30/2020,3,1242.91,TRUE,3956.51,2713.6,leverage
oofnQLwANHNMR1JYxuA52MBeeEq5Q1haB6mzRdNGy6xUSBu3khp,0x8c0d14ec3c5e399196825f6e84407fde4319d3b2,12/23/2021,18,972.64,FALSE,-972.64,0,spot
oo6i9DGKfB2DW4JZc8apU6Sj8hjHHQYBAYMitHZS9gViQwENkHT,0x24ee04e8a94255270ab9dba0857357015f39c397,7/8/2020,10,1020.9,TRUE,1527.44,506.54,leverage
opRBtT5d1iDHrkrYPTnmymJi9KVoS1T8PnZPdPGX3TSZMFcytRJ,0x24ee04e8a94255270ab9dba0857357015f39c397,6/17/2021,12,853.94,TRUE,4241.27,3387.33,spot
ooyz37pjmum4efmtXt7e8Afs4e19YEWVgpeKYsDWep2fnD5x2uk,0x24ee04e8a94255270ab9dba0857357015f39c397,2/20/2022,15,858.36,TRUE,5200.46,4342.1,leverage
ooUG9FZ7gx8fHwAJB4UzhGPCRHsHgPtrqtZF9xLGX11q2K7CFgT,0x24ee04e8a94255270ab9dba0857357015f39c397,4/30/2021,15,903.69,TRUE,3836.24,2932.55,spot
oosF31FxcqvnDnF5yc1eDy3Jq9AFxyMhPFXGyaQZXsetJLc41kX,0x2a7a0cd063891b54f1c31f10f5da1b4618fc9ffb,6/2/2021,18,223.7,TRUE,2689.58,2465.88,margin
opFpcib7XgG7Nrbpt1VW9MYEGkoBay4cCDTCa56LGSfiJcPCmTm,0x2a7a0cd063891b54f1c31f10f5da1b4618fc9ffb,2/17/2022,12,1363.24,FALSE,-1363.24,0,margin
onin8ESDdDvtuH8P52Yhkp11iWgwW9VZD6ySPnSy8piyWvBJub4,0x2a7a0cd063891b54f1c31f10f5da1b4618fc9ffb,2/26/2022,16,428.54,TRUE,5123.01,4694.47,leverage
opPk4aize87mmjjDoDqgLXuNSfGvHHWoyCZpH2KqQdbCyB7MUnL,0x2a7a0cd063891b54f1c31f10f5da1b4618fc9ffb,12/7/2020,4,475.83,FALSE,-475.83,0,spot
opUbpWZHMhdx21n4pkFHVrv5p61snmonyKpEN1JkepUhsiDnJpu,0x488f3889ae9824ba19118a0f906c96f34fedf4f7,5/6/2021,15,1624.13,TRUE,5073.6,3449.47,margin
op6Kr9eeURuiWED3GBq4xYVnsnuuP3otZZoiRAHtfj1N2nTBszo,0x488f3889ae9824ba19118a0f906c96f34fedf4f7,8/21/2020,17,424.22,TRUE,3468.28,3044.06,spot
opDNkr2Y5Wwqu2Wi5wB7Bbv2REisKR4HNjuTd59b1WUNnme3iNE,0x488f3889ae9824ba19118a0f906c96f34fedf4f7,8/17/2020,16,101.65,TRUE,5636.99,5535.34,leverage
oodmLjaYwwz1sNdFfEp9nuU5nTpm8KuEkapwNc1oNrYaJMfTCLW,0x488f3889ae9824ba19118a0f906c96f34fedf4f7,4/24/2021,5,1406.61,FALSE,-1406.61,-2813.22,spot
opaRQerzpCUJtuiUqAnFnvE2AUvKaCaJbiQCSfL7MsCcaxhAv7d,0xe825fcb1c8903d2079b8d1d2a88a3a5293244cee,3/10/2021,17,1596.14,FALSE,-1596.14,0,margin
opXJrh9qLqntx4XnpRJ2MEGWTbcQ3FeuakDCtRqEKnMza4BzHwg,0xe825fcb1c8903d2079b8d1d2a88a3a5293244cee,3/8/2021,14,766.5,TRUE,1611.85,845.35,spot
ooMPD7UXdZNQemPZq9CNSHYw8U2bENfuTWyopdxqH53fPdqabqL,0xe825fcb1c8903d2079b8d1d2a88a3a5293244cee,1/20/2022,19,209.87,TRUE,5020.95,4811.08,spot
op7S2TtUg9TdvwqgYBCBpRRbhgZ1rmRpma7AtKsAUvp9u64qzwi,0xe825fcb1c8903d2079b8d1d2a88a3a5293244cee,6/28/2020,11,1104.76,FALSE,-1104.76,0,leverage
op4wSSFnmGSQa53eGCQ4MCcvHg5MwEoZXyKXqvvNrAqCATfWxsE,0x3886dfb670fa5544281a5291ca0923d23297230e,10/29/2020,16,1176.46,FALSE,-1176.46,0,spot
onyDrmS2AkBeDo2NsHPKdjv1UZ7rDbow884XN2Jy5t3w9nmLTh2,0x3886dfb670fa5544281a5291ca0923d23297230e,10/2/2020,19,577.88,FALSE,-577.88,0,margin
onrJdUYNZ6hW9LZbJQJRcf47YRFgXQih7fRFX4pdfk8tuRg7W1n,0x3886dfb670fa5544281a5291ca0923d23297230e,12/13/2021,6,283.21,TRUE,1721.9,1438.69,margin
opGHNXeo7LSUsexsCP3MzyBBqhThGFZgEcBwzEsffrnBfixXtZV,0x3886dfb670fa5544281a5291ca0923d23297230e,2/1/2022,10,796.1,TRUE,6702.19,5906.09,spot
opEHSeFh7tq2ExsyunYD7SPxJET5JmLaFSbkqwzRnhxF4dN6Ler,0x812107dfa53f5f43656be8aebf9ecc08bca19d57,10/5/2020,15,1571.92,TRUE,4278.19,2706.27,spot
ooWUD9YMP5MEwcEFVXrxSLmfcTVsPhpqDpZ15uueGsaiYyMjoEH,0x812107dfa53f5f43656be8aebf9ecc08bca19d57,12/13/2021,7,392.41,FALSE,-392.41,0,leverage
oon5UWQRyE9bsw3EV8BfT6rBa8rq2mwNx9fyxaV2VTCMqVdGqRP,0x812107dfa53f5f43656be8aebf9ecc08bca19d57,2/19/2022,14,1483.51,FALSE,-1483.51,0,spot
onhKtvUAGgW1ErHvth4gXshK835La4yv5ScDaBVDbMDLhJowodz,0x812107dfa53f5f43656be8aebf9ecc08bca19d57,11/22/2021,12,1680.76,TRUE,4421.92,2741.16,margin
oomD25Mcz4K784eTFEdwFN6V6UibkBm4kMb91RXzdu9Q9R1zvJv,0xccd9fba656e156918fa39d239d0fb8d149bdc9bc,11/30/2021,7,403.16,TRUE,4002.59,3599.43,spot
ooVNoDo3VfqFNiwhTQ43rNNXDMcgZgSCcYyUvuwXhSP6VXCUyqN,0xccd9fba656e156918fa39d239d0fb8d149bdc9bc,6/18/2020,11,680.61,TRUE,5631.91,4951.3,margin
onuoyzPdHZr3pgpARDCnHFkdpMZMhjSvKmr6K7DuohAxRLFXTJs,0xccd9fba656e156918fa39d239d0fb8d149bdc9bc,9/3/2021,12,937.5,FALSE,-937.5,0,spot
ooMJphXwZAyEodVFfbZVGyQFsgZ1UtmE9snPqFeZ7EyTQZGAtri,0xccd9fba656e156918fa39d239d0fb8d149bdc9bc,12/10/2021,8,332.12,FALSE,-332.12,0,spot
opLvYMvCMG6TJCYisvF364TYvEpLFY4W5MVxkRV6bqKojncEUTv,0x8e7eff5914b9ec8ecfabac9dcb950909dbb52551,11/17/2021,17,134.46,FALSE,-134.46,0,spot
opA7ytN77cWwPKm1wk4XEUPVseW4U1CwVjBn425uQcEtLoQiBWk,0x8e7eff5914b9ec8ecfabac9dcb950909dbb52551,9/26/2020,19,1100.02,FALSE,-1100.02,0,spot
opLe7YTguAQkZQwQGghLdaXxd8obawTxZ3b2vnjRawxcNxQWYat,0x8e7eff5914b9ec8ecfabac9dcb950909dbb52551,9/4/2021,19,1440.33,FALSE,-1440.33,0,margin
onupuyhBZaYQ4Z997Qb3osXuKHLR1SWjZ1jGX4SFQREo8j9EWbe,0x8e7eff5914b9ec8ecfabac9dcb950909dbb52551,12/21/2020,13,312.54,TRUE,3160.07,2847.53,spot
